NIP;Podsumowanie 360;Ostatnia aktywność Call/Spotkanie;Zielone światło dla AOS;Status klienta (grupa);Wygrany Deal (grupa);Wątpliwość (Deal wygrany, a status != 'jest');Walidacja NIP;Status weryfikacji ZOHO;ID rekordu ZOHO;Nazwa Placówki;Adres;Nr telefonu;Adres email
5050090338;"Nazwa: NIEPUBLICZNY ZAKŁAD OPIEKI ZDROWOTNEJ ""B.D.M.UNI-MED"" URSZULA BOJARSKA, SŁAWOMIR DZIKOWSKI, JERZY CEZARY MAKOLUS SPÓŁKA JAWNA
📄 nie jest/nie był
--------------------
🏢 1
🧲 1 [❌ 1 24-02-2025]
--------------------
Brak zarejestrowanych aktywności.";;TAK;nie jest/nie był;NIE;NIE;PRAWIDŁOWY;ISTNIEJE;751364000002389480;"Niepubliczny Zakład Opieki Zdrowotnej ""B.D.M. UNI-MED"" Urszula Bojarska, Sławomir Dzikowski, Jerzy Cezary Makolus Spółka Jawna";Stefanii Pawlak 30, 21-010 Łęczna;81 8551111, 669593999;kontakt@bdmunimed.pl
5060067281;"Nazwa: PRZYCHODNIE OPIEKI ZDROWOTNEJ SP. Z O. O.
📄 nie jest/nie był
--------------------
👥 1 🏢 1
🧲 1 [❌ 1 23-03-2025]
🎯 1
--------------------
Brak zarejestrowanych aktywności.";;TAK;nie jest/nie był;NIE;NIE;PRAWIDŁOWY;ISTNIEJE;751364000002278054;PRZYCHODNIE OPIEKI ZDROWOTNEJ SPÓŁKA Z OGRANICZONĄ ODPOWIEDZIALNOŚCIĄ;Kirkora 12, 08-500 Ryki;81-865 23 67;przychodnie.specjalistyczne@gmail.com
5060082174;"Nazwa: SPECJALISTYCZNE CENTRUM MEDYCZNE SANMED A.D. KOŁODZIEJEK S.C.
📄 nie jest/nie był
--------------------
👥 2 🏢 1
🎯 1 [❌ 1 20-05-2025]
--------------------
Brak zarejestrowanych aktywności.";;TAK;nie jest/nie był;NIE;NIE;PRAWIDŁOWY;ISTNIEJE;751364000002288857;SPECJALISTYCZNE CENTRUM MEDYCZNE SANMED A.D.KOŁODZIEJEK S.C.;Żytnia 16, 08-500 Ryki;818651227;kontakt@san-med.eu
5060118185;"Nazwa: SZPITAL POWIATOWY W RYKACH
📄 nie jest/nie był
--------------------
👥 3 🏢 1
🧲 1 [❌ 1 22-01-2025]
--------------------
Brak zarejestrowanych aktywności.";;TAK;nie jest/nie był;NIE;NIE;PRAWIDŁOWY;ISTNIEJE;751364000002276554;SZPITAL POWIATOWY W RYKACH SPÓŁKA Z OGRANICZONĄ ODPOWIEDZIALNOŚCIĄ;Żytnia 23, 08-500 Ryki;533327028;sekretariat@rykiszpital.pl
5371998202;"Nazwa: NIEPUBLICZNY ZAKŁAD OPIEKI ZDROWOTNEJ PORADNIA GINEKOLOGICZNO POŁOŻNICZA GYNE VITA
📄 nie jest/nie był
--------------------
🏢 1
--------------------
Brak zarejestrowanych aktywności.";;TAK;nie jest/nie był;NIE;NIE;PRAWIDŁOWY;ISTNIEJE;751364000002288334;"NZOZ Poradnia Ginekologiczno-Położnicza ""GYNE-VITA"" Marianna Migdal, Przemysław Migdal Spółka Cywilna";Terebelska 67, 21-500 Biała Podlaska;83-3428631;gynevita@interia.pl
5372632727;"Nazwa: POLSKI ZWIĄZEK GŁUCHYCH LUBELSKIE CENTRUM MEDYCZNE SP. Z O. O.
📄 nie jest/nie był
--------------------
🏢 1
--------------------
Brak zarejestrowanych aktywności.";;TAK;nie jest/nie był;NIE;NIE;PRAWIDŁOWY;ISTNIEJE;751364000002280056;POLSKI ZWIĄZEK GŁUCHYCH LUBELSKIE CENTRUM MEDYCZNE SPÓŁKA Z OGRANICZONĄ ODPOWIEDZIALNOŚCIĄ;Henryka Sienkiewicza 1, 21-500 Biała Podlaska;504101825;jowita.wladyczuk@wp.pl
5381594311;"Nazwa: SAMODZIELNY PUBLICZNY ZAKŁAD OPIEKI ZDROWOTNEJ W RADZYNIU PODLASKIM
📄 nie jest/nie był
--------------------
👥 1 🏢 1
🧲 1 [❌ 1 22-01-2025]
--------------------
Brak zarejestrowanych aktywności.";;TAK;nie jest/nie był;NIE;NIE;PRAWIDŁOWY;ISTNIEJE;751364000002213883;SAMODZIELNY PUBLICZNY ZAKŁAD OPIEKI ZDROWOTNEJ W RADZYNIU PODLASKIM;Wisznicka 111, 21-300 Radzyń Podlaski;834132267;sekretariat@spzozrp.pl
5381594357;"Nazwa: SPZOZ W MIĘDZYRZECU PODLASKIM
📄 nie jest/nie był
--------------------
👥 4 🏢 2
🧲 1 [❌ 1 23-03-2025]
--------------------
Brak zarejestrowanych aktywności.";;TAK;nie jest/nie był;NIE;NIE;PRAWIDŁOWY;ISTNIEJE;751364000002213787;Samodzielny Publiczny Zakład Opieki Zdrowotnej w Międzyrzecu Podlaskim;Warszawska 2-4, 21-560 Międzyrzec Podlaski;833 714 011;spzozmc@spzozmc.pl
5391027140;"Nazwa: MEDICA CENTRUM EDWARD KISIEL
📄 nie jest/nie był
--------------------
🏢 2
--------------------
Brak zarejestrowanych aktywności.";;TAK;nie jest/nie był;NIE;NIE;PRAWIDŁOWY;ISTNIEJE;751364000002296372;MEDICA CENTRUM Edward Kisiel;Aleje Zwycięstwa 11, 21-200 Parczew;83-355 02 12;ekisielgabinet@onet.eu
5391333279;"Nazwa: SAMODZIELNY PUBLICZNY ZAKŁAD OPIEKI ZDROWOTNEJ W PARCZEWIE
📄 nie jest/nie był
--------------------
👥 15 🏢 1
🧲 1 [❌ 1 22-01-2025]
--------------------
Brak zarejestrowanych aktywności.";;TAK;nie jest/nie był;NIE;NIE;PRAWIDŁOWY;ISTNIEJE;751364000002272321;SAMODZIELNY PUBLICZNY ZAKŁAD OPIEKI ZDROWOTNEJ W PARCZEWIE;Kościelna 136, 21-200 Parczew;833 552 102;sekretariat@spzozparczew.pl
5631859881;"Nazwa: ZDROWIE SP. Z O. O.
📄 nie jest/nie był
--------------------
🏢 1
--------------------
Brak zarejestrowanych aktywności.";;TAK;nie jest/nie był;NIE;NIE;PRAWIDŁOWY;ISTNIEJE;751364000002279986;"""ZDROWIE"" SPÓŁKA Z OGRANICZONĄ ODPOWIEDZIALNOŚCIĄ";Karola Szymanowskiego 6, 22-100 Chełm;825657252;wojciech.jakub@wp.pl
5632030191;"Nazwa: MIEJSKI SAMODZIELNY PUBLICZNY ZAKŁAD OPIEKI ZDROWOTNEJ W CHEŁMIE
📄 nie jest/nie był
--------------------
👥 1 🏢 1
🎯 1 [❌ 1 20-05-2025]
--------------------
Brak zarejestrowanych aktywności.";;TAK;nie jest/nie był;NIE;NIE;PRAWIDŁOWY;ISTNIEJE;751364000002272459;MIEJSKI SAMODZIELNY PUBLICZNY ZAKŁAD OPIEKI ZDROWOTNEJ W CHEŁMIE;Wołyńska 11, 22-100 Chełm;825630078;sekretariat@mspzozchelm.pl
5632421767;"Nazwa: NIEPUBLICZNY ZAKŁAD OPIEKI ZDROWOTNEJ ALMED SPECJALISTYCZNE GABINETY LEKARSKIE SP. Z O. O.
📄 nie jest/nie był
--------------------
🏢 1
--------------------
Brak zarejestrowanych aktywności.";;TAK;nie jest/nie był;NIE;NIE;PRAWIDŁOWY;ISTNIEJE;751364000002278023;NIEPUBLICZNY ZAKŁAD OPIEKI ZDROWOTNEJ ALMED SPECJALISTYCZNE GABINETY LEKARSKIE SPÓŁKA Z OGRANICZONĄ ODPOWIEDZIALNOŚCIĄ;Hrubieszowska 54A, 22-100 Chełm;825656655;almed.chelm@wp.pl
5632423625;"Nazwa: TOP MED JOANNA SZAFRANEK SP. Z O. O.
📄 nie jest/nie był
--------------------
🏢 1
🧲 1 [❌ 1 22-01-2025]
--------------------
Brak zarejestrowanych aktywności.";;TAK;nie jest/nie był;NIE;NIE;PRAWIDŁOWY;ISTNIEJE;751364000002280068;TOP-MED. JOANNA SZAFRANEK SPÓŁKA Z OGRANICZONĄ ODPOWIEDZIALNOŚCIĄ;Juliusza Słowackiego 33, 22-100 Chełm;825654712;biuro@top-med.com.pl
5632424501;"Nazwa: NIEPUBLICZNY ZAKŁAD OPIEKI ZDROWOTNEJ BIOTON S. C. KAMILA FABIAN JOLANTA FABIAN OLGA GRYCIUK
📄 nie jest/nie był
--------------------
🏢 1
--------------------
Brak zarejestrowanych aktywności.";;TAK;nie jest/nie był;NIE;NIE;PRAWIDŁOWY;ISTNIEJE;751364000002286130;NIEPUBLICZNY ZAKŁAD OPIEKI ZDROWOTNEJ BIOTON SPÓŁKA CYWILNA KAMILA WEPA JOLANTA FABIAN;Karola Szymanowskiego 6, 22-100 Chełm;660679354;kamfab@wp.pl
5641288894;"Nazwa: PROFMED KLINIKA GRABCZAK
📄 nie jest/nie był
--------------------
🏢 2
🧲 1 [❌ 1 23-03-2025]
--------------------
Brak zarejestrowanych aktywności.";;TAK;nie jest/nie był;NIE;NIE;PRAWIDŁOWY;ISTNIEJE;751364000002294350;"Lek. RAFAŁ GRABCZAK Specjalistyczna Praktyka Lekarska Gabinet Ginekologiczny Niepubliczny Zakład Opieki Zdrowotnej "" PROFMED""";Żurka 7, 22-300 Krasnystaw;82-5761888, 602771891;woj_raf@poczta.onet.pl
5641475805;"Nazwa: SP ZOZ KRASNYSTAW
📄 nie jest/nie był
--------------------
👥 12 🏢 3
🧲 1 [❌ 1 22-04-2025]
🎯 2 [❌ 2 20-05-2025]
--------------------
  - 22-07-2025 | 📞 -> Kontakt po Komunikacja z pokoleniem Z - FollowUp Call Mateusz z bernarda Mrozek
  - 11-03-2025 | 📞 -> Połączenie wychodzące do Teresa Basińska
  - 11-03-2025 | 📅 -> Meeting I - SAMODZIELNY PUBLICZNY ZESPÓŁ OPIEKI ZDROWOTNEJ W KRASNYMSTAWIE
  - 11-03-2025 | 📞 -> Oferta szkoleń
  - 11-03-2025 | 📞 -> Call I
  - 11-03-2025 | 🧩 -> Zaktualizować Leada po Meeting I
  - 10-03-2025 | 📞 -> Welcome phone
  - 18-02-2025 | 📅 -> Nowy Spotkanie II
  - 11-02-2025 | 📅 -> Meeting I - SAMODZIELNY PUBLICZNY ZESPÓŁ OPIEKI ZDROWOTNEJ W KRASNYMSTAWIE";22-07-2025;TAK;nie jest/nie był;NIE;NIE;PRAWIDŁOWY;ISTNIEJE;751364000002272004;SAMODZIELNY PUBLICZNY ZESPÓŁ OPIEKI ZDROWOTNEJ W KRASNYMSTAWIE;Sobieskiego 4, 22-300 Krasnystaw;82-5431522;sekretariat@spzozkrasnystaw.pl
5641686318;"Nazwa: GRUPOWA PRAKTYKA LEKARSKA LEKARZE MAŁGORZATA CIEŚLIK BARBARA TROCHIMIUK S. C.
📄 nie jest/nie był
--------------------
🏢 1
--------------------
Brak zarejestrowanych aktywności.";;TAK;nie jest/nie był;NIE;NIE;PRAWIDŁOWY;ISTNIEJE;751364000002287646;"GRUPOWA PRAKTYKA LEKARSKA ""LEKARZE MAŁGORZATA CIEŚLIK,BARBARA TROCHIMIUK SPÓŁKA CYWILNA""";Marszałka Piłsudskiego 1, 22-300 Krasnystaw;825763516;barbaratrochimiuk@wp.pl
5641795668;"Nazwa: PRZYCHODNIA KRASNYSTAW
📄 nie jest/nie był
--------------------
🏢 1
🧲 1 [❌ 1 23-03-2025]
--------------------
Brak zarejestrowanych aktywności.";;TAK;nie jest/nie był;NIE;NIE;PRAWIDŁOWY;ISTNIEJE;751364000002278003;SPECJALISTYCZNE CENTRUM MEDYCZNE WA-MED SPÓŁKA Z OGRANICZONĄ ODPOWIEDZIALNOŚCIĄ;Browarna 6, 22-300 Krasnystaw;825 761 574;anna.kaczorowska@gmail.com
5651337789;"Nazwa: SPZOZ WE WŁODAWIE
📄 nie jest/nie był
--------------------
👥 1 🏢 2
🎯 1 [❌ 1 20-05-2025]
--------------------
  - 06-12-2024 | 📞 -> Połączenie wychodzące do Elżbieta Korszla";06-12-2024;TAK;nie jest/nie był;NIE;NIE;PRAWIDŁOWY;ISTNIEJE;751364000002272288;SAMODZIELNY PUBLICZNY ZESPÓŁ OPIEKI ZDROWOTNEJ WE WŁODAWIE;Aleja Józefa Piłsudskiego 64, 22-200 Włodawa;82 57 25 801;sekretariat@spzoz.wlodawa.pl
6792854642;"Nazwa: VOXEL NZOZ MCD VOXEL
📄 nie jest/nie był
--------------------
👥 34 🏢 16
🎯 3 [❌ 3 20-05-2025]
--------------------
Brak zarejestrowanych aktywności.";;TAK;nie jest/nie był;NIE;NIE;PRAWIDŁOWY;ISTNIEJE;751364000001844363;VOXEL SPÓŁKA AKCYJNA;Wielicka 265, 30-663 Kraków;32 60 60 501;biuro@voxel.pl
7120103781;"Nazwa: INSTYTUT MEDYCYNY WSI
📄 nie jest/nie był
--------------------
👥 6 🏢 2
🧲 1 [❌ 1 23-03-2025]
--------------------
Brak zarejestrowanych aktywności.";;TAK;nie jest/nie był;NIE;NIE;PRAWIDŁOWY;ISTNIEJE;751364000002280544;INSTYTUT MEDYCYNY WSI IM. WITOLDA CHODŹKI;Dra Kazimierza Jaczewskiego 2, 20-090 Lublin;817184400;imw@imw.lublin.pl
7121669504;"Nazwa: CENTRUM MEDYCZNE NZOZ MARMED
📄 nie jest/nie był
--------------------
🏢 2
🧲 1 [❌ 1 22-01-2025]
--------------------
Brak zarejestrowanych aktywności.";;TAK;nie jest/nie był;NIE;NIE;PRAWIDŁOWY;ISTNIEJE;751364000002300006;Centrum Wielospecjalistycznej Opieki Ambulatoryjnej NZOZ MARMED MARIAN WIADROWSKI;Jarzębinowa 4, 21-040 Świdnik;501 693 846;nzozmarmed@gmail.com
7121739469;"Nazwa: NIEPUBLICZNY ZAKŁAD OPIEKI ZDROWOTNEJ PRZYCHODNIA SPECJALISTYCZNA ""MEDICA""""""
📄 nie jest/nie był
--------------------
🏢 1
🧲 1 [❌ 1 22-01-2025]
--------------------
Brak zarejestrowanych aktywności.";;TAK;nie jest/nie był;NIE;NIE;PRAWIDŁOWY;ISTNIEJE;751364000002290334;WALKO BOGDAN NIEPUBLICZNY ZAKŁAD OPIEKI ZDROWOTNEJ PRZYCHODNIA SPECJALISTYCZNA MEDICA;Jutrzenki 4, 20-538 Lublin;815277597;bogdanwalko@poczta.onet.pl
7122135822;"Nazwa: CENTRUM ONKOLOGII ZIEMI LUBELSKIEJ IM. ŚW. JANA Z DUKLI
📄 nie jest/nie był
--------------------
👥 9 🏢 2
🧲 1 [❌ 1 22-01-2025]
--------------------
Brak zarejestrowanych aktywności.";;TAK;nie jest/nie był;NIE;NIE;PRAWIDŁOWY;ISTNIEJE;751364000002272301;CENTRUM ONKOLOGII ZIEMI LUBELSKIEJ IM. ŚW. JANA Z DUKLI;Dra Kazimierza Jaczewskiego 7, 20-090 Lublin;814541000;cozl@cozl.eu
7122396037;"Nazwa: CENTRUM MEDYCZNE MEDICOS
📄 nie jest/nie był
--------------------
👥 3 🏢 1
🧲 1 [❌ 1 22-01-2025]
--------------------
Brak zarejestrowanych aktywności.";;TAK;nie jest/nie był;NIE;NIE;PRAWIDŁOWY;ISTNIEJE;751364000002275991;CENTRUM MEDYCZNE MEDICOS SPÓŁKA AKCYJNA;Onyksowa 12, 20-582 Lublin;817408420;cmmedicos@gmail.com
7122410820;"Nazwa: 1 SZPITAL WOJSKOWY Z PRZYCHODNIĄ SAMODZIELNY PUBLICZNY ZAKŁAD OPIEKI ZDROWOTNEJ W LUBLINIE
📄 nie jest/nie był
--------------------
👥 12 🏢 2
🧲 1 [❌ 1 22-01-2025]
--------------------
Brak zarejestrowanych aktywności.";;TAK;nie jest/nie był;NIE;NIE;PRAWIDŁOWY;ISTNIEJE;751364000002213938;1 WOJSKOWY SZPITAL KLINICZNY Z POLIKLINIKĄ SAMODZIELNY PUBLICZNY ZAKŁAD OPIEKI ZDROWOTNEJ W LUBLINIE;aleje Racławickie 23, 20-049 Lublin;817183277;1SZPITALWOJSKOWY@1SZW.PL
7122410926;"Nazwa: PAŃSTWOWY SZPITAL KLINICZNY NR 4
📄 nie jest/nie był
--------------------
👥 24 🏢 1
🧲 1 [❌ 1 22-01-2025]
🎯 1 [❌ 1 20-05-2025]
--------------------
Brak zarejestrowanych aktywności.";;TAK;nie jest/nie był;NIE;NIE;PRAWIDŁOWY;ISTNIEJE;751364000002213415;UNIWERSYTECKI SZPITAL KLINICZNY NR 4 W LUBLINIE;Dra Kazimierza Jaczewskiego 8, 20-090 Lublin;817244226;SZPITAL@USK4.LUBLIN.PL
7122429274;"Nazwa: SAMODZIELNY PUBLICZNY SZPITAL KLINICZNY NR 1 W LUBLINIE
📄 nie jest/nie był
--------------------
👥 12 🏢 1
🧲 1 [❌ 1 22-01-2025]
--------------------
  - 23-07-2025 | 📞 -> Połączenie wychodzące do UNIWERSYTET MEDYCZNY W LUBLINIE - SAMODZIELNY PUBLICZNY SZPITAL KLINICZNY NR 1 W";23-07-2025;TAK;nie jest/nie był;NIE;NIE;PRAWIDŁOWY;ISTNIEJE;751364000002213492;UNIWERSYTECKI SZPITAL KLINICZNY NR 1 W LUBLINIE;Stanisława Staszica 16, 20-081 Lublin;5323935;szpital@usk1.pl
7122483842;"Nazwa: SAMODZIELNY PUBLICZNY ZAKŁAD OPIEKI ZDROWOTNEJ W ŚWIDNIKU
📄 nie jest/nie był
--------------------
👥 5 🏢 1
🧲 1 [❌ 1 22-01-2025]
--------------------
Brak zarejestrowanych aktywności.";;TAK;nie jest/nie był;NIE;NIE;PRAWIDŁOWY;ISTNIEJE;751364000002213836;SAMODZIELNY PUBLICZNY ZAKŁAD OPIEKI ZDROWOTNEJ;Bolesława Leśmiana 4, 21-040 Świdnik;817 514 215;sekretariat@spzozswidnik.pl
7122512992;"Nazwa: PORADNIE OKULISTYCZNE DMOWSKA BEDNARCZUK BOCHNIAK SPÓŁKA PARTNERSKA LEKARZY
📄 nie jest/nie był
--------------------
🏢 1
--------------------
Brak zarejestrowanych aktywności.";;TAK;nie jest/nie był;NIE;NIE;PRAWIDŁOWY;ISTNIEJE;751364000002278603;PORADNIE OKULISTYCZNE DMOWSKA, BEDNARCZUK, BOCHNIAK SPÓŁKA PARTNERSKA LEKARZY;Lotników Polskich 22, 21-040 Świdnik;814688881;jdmowska@gmail.com
7122679485;"Nazwa: CENTRUM MEDYCZNE JURANDA JANOWSKI I PARTNERZY LEKARZE
📄 nie jest/nie był
--------------------
👥 2 🏢 1
🧲 1 [❌ 1 22-04-2025]
--------------------
  - 22-01-2025 | 🧩 -> Task to re-attempt - CENTRUM MEDYCZNE JURANDA JANOWSKI I PARTNERZY LEKARZE";;TAK;nie jest/nie był;NIE;NIE;PRAWIDŁOWY;ISTNIEJE;751364000002273952;"CENTRUM MEDYCZNE ""JURANDA"" PACHUCKI I PARTNERZY - LEKARZE";Juranda 9, 20-629 Lublin;815259503;specjal-juranda9@wp.pl
7122691693;"Nazwa: BIO-MEDICAL
📄 nie jest/nie był
--------------------
👥 1 🏢 1
🧲 1 [❌ 1 22-01-2025]
--------------------
Brak zarejestrowanych aktywności.";;TAK;nie jest/nie był;NIE;NIE;PRAWIDŁOWY;ISTNIEJE;751364000002284284;BIO-MEDICAL R. STETTNER SPÓŁKA KOMANDYTOWA;Weteranów 11, 20-038 Lublin;815341565;biuro@bio-medical.lublin.pl
7122742189;"Nazwa: VIS VITALIS DRYGIEL GRALEWSKA ZIELIŃSKA SOKOLIŃSKA CIOŁKO SZYŁKAJTIS LEKARZE SPÓŁKA PARTNERSKA
📄 nie jest/nie był
--------------------
🏢 1
--------------------
Brak zarejestrowanych aktywności.";;TAK;nie jest/nie był;NIE;NIE;PRAWIDŁOWY;ISTNIEJE;751364000002278467;VIS VITALIS - DRYGIEL, GRALEWSKA-ZIELIŃSKA, SOKOLIŃSKA-CIOŁKO, SZYŁKAJTIS - LEKARZE SPÓŁKA PARTNERSKA;Tomasza Zana 14, 20-601 Lublin;815256713;visvitalis@poczta.fm
7122761749;"Nazwa: GABINETY OKULISTYCZNE SP. Z O. O.
📄 nie jest/nie był
--------------------
🏢 1
🧲 1 [❌ 1 22-01-2025]
--------------------
Brak zarejestrowanych aktywności.";;TAK;nie jest/nie był;NIE;NIE;PRAWIDŁOWY;ISTNIEJE;751364000002278544;Gabinety Okulistyczne Spółka z ograniczoną odpowiedzialnością;Spokojna 17/9, 20-066 Lublin;798772244;biuro@naleczow.ocho.pl
7122770576;"Nazwa: CENTRUM MEDYCZNE SANITAS
📄 nie jest/nie był
--------------------
👥 6 🏢 1
🧲 2 [❌ 2 20-05-2025]
--------------------
  - 20-05-2026 | 📞 -> Rozmowa z Centrum Medyczne Sanitas zaplanowana
  - 20-05-2025 | 📞 -> Połączenie wychodzące do Centrum Medyczne Sanitas
  - 19-05-2025 | 📞 -> Połączenie wychodzące do Centrum Medyczne Sanitas
  - 16-05-2025 | 📞 -> Kontakt po Webinarze Marafiki 14/05 z Magdalena Dorota Malawska
  - 15-05-2025 | 📞 -> Połączenie wychodzące do Centrum Medyczne Sanitas";20-05-2025;TAK;nie jest/nie był;NIE;NIE;PRAWIDŁOWY;ISTNIEJE;751364000002275932;"CENTRUM MEDYCZNE ""SANITAS"" SPÓŁKA Z OGRANICZONĄ ODPOWIEDZIALNOŚCIĄ";Okopowa 3, 20-022 Lublin;81 52 87 593;info@cmsanitas.pl
7122893623;"Nazwa: REUMED ZESPÓŁ PORADNI SPECJALISTYCZNYCH
📄 nie jest/nie był
--------------------
🏢 1
🧲 1 [❌ 1 23-03-2025]
--------------------
Brak zarejestrowanych aktywności.";;TAK;nie jest/nie był;NIE;NIE;PRAWIDŁOWY;ISTNIEJE;751364000002275933;REUMED SPÓŁKA Z OGRANICZONĄ ODPOWIEDZIALNOŚCIĄ;Konrada Wallenroda 2F/4, 20-607 Lublin;815243333;dariuszbchudzik@wp.pl
7122896722;"Nazwa: LEKARZE SPECJALIŚCI SP. Z O. O.
📄 nie jest/nie był
--------------------
🏢 3
🎯 1 [❌ 1 20-05-2025]
--------------------
Brak zarejestrowanych aktywności.";;TAK;nie jest/nie był;NIE;NIE;PRAWIDŁOWY;ISTNIEJE;751364000002278088;"""LEKARZE SPECJALIŚCI"" SPÓŁKA Z OGRANICZONĄ ODPOWIEDZIALNOŚCIĄ";Topolowa 7, 20-352 Lublin;817440652;lekarze.specjalisci@idsl.pl
7122896774;"Nazwa: PRZYCHODNIA SPECJALISTYCZNA HIPOTECZNA 4 SP. Z O. O.
📄 nie jest/nie był
--------------------
🏢 1
🧲 1 [❌ 1 22-01-2025]
--------------------
Brak zarejestrowanych aktywności.";;TAK;nie jest/nie był;NIE;NIE;PRAWIDŁOWY;ISTNIEJE;751364000002276980;PRZYCHODNIA SPECJALISTYCZNA HIPOTECZNA 4 SPÓŁKA Z OGRANICZONĄ ODPOWIEDZIALNOŚCIĄ;Hipoteczna 4, 20-027 Lublin;815326180;hipoteczna_4@wp.pl
7122896828;"Nazwa: CENTRUM MEDYCZNE CZECHÓW
📄 nie jest/nie był
--------------------
🏢 1
🧲 1 [❌ 1 23-03-2025]
--------------------
Brak zarejestrowanych aktywności.";;TAK;nie jest/nie był;NIE;NIE;PRAWIDŁOWY;ISTNIEJE;751364000002275926;SPECJALISTYKA CZECHÓW SPÓŁKA Z OGRANICZONĄ ODPOWIEDZIALNOŚCIĄ;Aleja Kompozytorów Polskich 8, 20-848 Lublin;81718 72 07;sekretariat@specjalistykaczechow.com
7122988909;"Nazwa: NORMO MED NZOZ
📄 nie jest/nie był
--------------------
🏢 1
🧲 1 [❌ 1 23-03-2025]
--------------------
Brak zarejestrowanych aktywności.";;TAK;nie jest/nie był;NIE;NIE;PRAWIDŁOWY;ISTNIEJE;751364000002275925;NORMO-MED LEKARSKA SPÓŁKA PARTNERSKA MONIKA MACIEJCZYK-PENCUŁA NORBERT STACHOWICZ;Spokojna 17/4, 20-066 Lublin;666 140 522;normomed@wp.pl
7123034075;"Nazwa: ALERGOPNEUMA
📄 nie jest/nie był
--------------------
🏢 1
🧲 1 [❌ 1 23-03-2025]
--------------------
Brak zarejestrowanych aktywności.";;TAK;nie jest/nie był;NIE;NIE;PRAWIDŁOWY;ISTNIEJE;751364000002275908;PRZYCHODNIA ALERGOLOGICZNO-PULMONOLOGICZNA ALERGOPNEUMA SPÓŁKA Z OGRANICZONĄ ODPOWIEDZIALNOŚCIĄ;Probostwo 5/1, 20-089 Lublin;606659797;michnar@interia.pl
7123082447;"Nazwa: OKULISTYKA S.C.
📄 nie jest/nie był
--------------------
🏢 2
🎯 2 [❌ 2 20-05-2025]
--------------------
Brak zarejestrowanych aktywności.";;TAK;nie jest/nie był;NIE;NIE;PRAWIDŁOWY;ISTNIEJE;751364000002387056;OKULISTYKA S.C.;Skautów 11B/21, 20-055 Lublin;601 361 360;biuro@e-okulistyka.pl
7123134210;"Nazwa: CENTRUM ALERGOLOGII
📄 nie jest/nie był
--------------------
🏢 1
🧲 1 [❌ 1 22-01-2025]
--------------------
Brak zarejestrowanych aktywności.";;TAK;nie jest/nie był;NIE;NIE;PRAWIDŁOWY;ISTNIEJE;751364000002275892;"""Centrum Alergologii"" Spółka z ograniczoną odpowiedzialnością";Kawaleryjska 10, 20-552 Lublin;814628882;0601059@zoz.org.pl
7123143522;"Nazwa: ŻAGIEL MED SZPITAL PRYWATNY Z PRZYCHODNIĄ SPECJALISTYCZNĄ
📄 nie jest/nie był
--------------------
👥 2 🏢 1
🧲 1 [❌ 1 23-03-2025]
--------------------
Brak zarejestrowanych aktywności.";;TAK;nie jest/nie był;NIE;NIE;PRAWIDŁOWY;ISTNIEJE;751364000002276379;ALLMEDICA LUBLIN SPÓŁKA Z OGRANICZONĄ ODPOWIEDZIALNOŚCIĄ;Kazimierza Przerwy-Tetmajera 21, 20-362 Lublin;81 441 08 50;info@allmedica.pl
7123160638;"Nazwa: NIEPUBLICZNY ZAKŁAD OPIEKI ZDROWOTNEJ PROFI-MED
📄 nie jest/nie był
--------------------
🏢 2
🧲 1 [❌ 1 22-01-2025]
--------------------
Brak zarejestrowanych aktywności.";;TAK;nie jest/nie był;NIE;NIE;PRAWIDŁOWY;ISTNIEJE;751364000002281177;PROFI-MED RAFAŁ TARKOWSKI, ANDRZEJ NOWAKOWSKI SPÓŁKA JAWNA;Feliksa Nowowiejskiego 6/I, 20-880 Lublin;600 141 481;profimed.lublin@gmail.com
7123222374;"Nazwa: CM PRZYJAŹNI
📄 nie jest/nie był
--------------------
👥 2 🏢 2
🧲 2 [❌ 2 22-01-2025]
--------------------
  - 15-01-2026 | 📞 -> Rozmowa z NIEPUBLICZNY ZAKŁAD OPIEKI ZDROWOTNEJ CENTRUM MEDYCZNE PRZYJAŹNI zaplanowana
  - 16-06-2025 | 📞 -> Połączenie wychodzące do NIEPUBLICZNY ZAKŁAD OPIEKI ZDROWOTNEJ CENTRUM MEDYCZNE PRZYJAŹNI
  - 11-06-2025 | 📞 -> Połączenie wychodzące do NIEPUBLICZNY ZAKŁAD OPIEKI ZDROWOTNEJ CENTRUM MEDYCZNE PRZYJAŹNI
  - 10-06-2025 | 📞 -> Połączenie wychodzące do NIEPUBLICZNY ZAKŁAD OPIEKI ZDROWOTNEJ CENTRUM MEDYCZNE PRZYJAŹNI
  - 10-06-2025 | 📞 -> Call I";16-06-2025;TAK;nie jest/nie był;NIE;NIE;PRAWIDŁOWY;ISTNIEJE;751364000002276406;CENTRUM MEDYCZNE PRZYJAŹNI SPÓŁKA Z OGRANICZONĄ ODPOWIEDZIALNOŚCIĄ;Żwirki i Wigury 4/5, 20-029 Lublin;535045960;agnieszkakuziola@gmail.com
7123287310;"Nazwa: VENUS SPECJALISTYCZNA PORADNIA GINEKOLOGICZNO - POŁOŻNICZA
📄 nie jest/nie był
--------------------
🏢 1
🧲 1 [❌ 1 23-03-2025]
--------------------
Brak zarejestrowanych aktywności.";;TAK;nie jest/nie był;NIE;NIE;PRAWIDŁOWY;ISTNIEJE;751364000002281179;NIEPUBLICZNY ZAKŁAD OPIEKI ZDROWOTNEJ VENUS KOŹLAKOWSKA SPÓŁKA JAWNA;Jutrzenki 6/29, 20-538 Lublin;81-526-59-73;gabinet@venus.lublin.pl
7123402142;"Nazwa: CENTRUM REHABILITACYJNO-SPORTOWE ""MEDISPORT"""" PORADNIE""
📄 nie jest/nie był
--------------------
👥 1 🏢 1
🧲 1 [❌ 1 22-01-2025]
--------------------
Brak zarejestrowanych aktywności.";;TAK;nie jest/nie był;NIE;NIE;PRAWIDŁOWY;ISTNIEJE;751364000002281176;CENTRUM MEDYCZNE MEDISPORT SPÓŁKA Z OGRANICZONĄ ODPOWIEDZIALNOŚCIĄ;Dożynkowa 38/4, 20-223 Lublin;691240341;mcm.lublin@affidea.com
7132373641;"Nazwa: CENTRUM MEDYCZNE ""INTER - MED"" SPÓŁKA CYWILNA
📄 nie jest/nie był
--------------------
🏢 1
--------------------
Brak zarejestrowanych aktywności.";;TAK;nie jest/nie był;NIE;NIE;PRAWIDŁOWY;ISTNIEJE;751364000002387040;"CENTRUM MEDYCZNE ""INTER - MED"" SPÓŁKA CYWILNA";Marszałka Józefa Piłsudskiego 6A, 21-040 Świdnik;81-4683535;inter-med1@tlen.pl
7132393684;"Nazwa: SAMODZIELNY PUBLICZNY ZAKŁAD OPIEKI ZDROWOTNEJ W ŁĘCZNEJ
📄 nie jest/nie był
--------------------
👥 2 🏢 2
🧲 1 [❌ 1 22-01-2025]
--------------------
Brak zarejestrowanych aktywności.";;TAK;nie jest/nie był;NIE;NIE;PRAWIDŁOWY;ISTNIEJE;751364000002272923;SAMODZIELNY PUBLICZNY ZAKŁAD OPIEKI ZDROWOTNEJ W ŁĘCZNEJ;Krasnystawska 52, 21-010 Łęczna;817526300;sekretariat@szpital.leczna.pl
7132450206;"Nazwa: SPZOZ BYCHAWA
📄 nie jest/nie był
--------------------
👥 1 🏢 2
🧲 1 [❌ 1 22-04-2025]
🎯 1
--------------------
  - 31-03-2026 | 📞 -> Rozmowa z SAMODZIELNY PUBLICZNY ZAKŁAD OPIEKI ZDROWOTNEJ W BYCHAWIE zaplanowana";;TAK;nie jest/nie był;NIE;NIE;PRAWIDŁOWY;ISTNIEJE;751364000002213455;SAMODZIELNY PUBLICZNY ZAKŁAD OPIEKI ZDROWOTNEJ W BYCHAWIE;Marszałka Józefa Piłsudskiego 28, 23-100 Bychawa;815669441;spzoz@spzoz.bychawa.pl
7132846648;"Nazwa: SPZOZ BEŁŻYCE
📄 nie jest/nie był
--------------------
👥 8 🏢 11
🧲 1 [❌ 1 22-01-2025]
--------------------
Brak zarejestrowanych aktywności.";;TAK;nie jest/nie był;NIE;NIE;PRAWIDŁOWY;ISTNIEJE;751364000002213388;SAMODZIELNY PUBLICZNY ZAKŁAD OPIEKI ZDROWOTNEJ NR 1 W BEŁŻYCACH;Przemysłowa 44, 24-200 Bełżyce;815162926;sekretariat.zoz1@powiat.lublin.pl
7141632875;"Nazwa: SAMODZIELNY PUBLICZNY ZAKŁAD OPIEKI ZDROWOTNEJ W LUBARTOWIE
📄 nie jest/nie był
--------------------
👥 3 🏢 1
🧲 1 [❌ 1 23-03-2025]
--------------------
Brak zarejestrowanych aktywności.";;TAK;nie jest/nie był;NIE;NIE;PRAWIDŁOWY;ISTNIEJE;751364000002272421;SAMODZIELNY PUBLICZNY ZAKŁAD OPIEKI ZDROWOTNEJ W LUBARTOWIE;Cicha 14, 21-100 Lubartów;818552041;sekretariat@spzoz-lubartow.pl
7141889887;"Nazwa: NIEPUBLICZNY ZAKŁAD OPIEKI ZDROWOTNEJ CENTRUM OKULISTYKI S. C.
📄 nie jest/nie był
--------------------
🏢 1
--------------------
Brak zarejestrowanych aktywności.";;TAK;nie jest/nie był;NIE;NIE;PRAWIDŁOWY;ISTNIEJE;751364000002213327;"NIEPUBLICZNY ZAKŁAD OPIEKI ZDROWOTNEJ ""CENTRUM OKULISTYKI"" S.C.";Cicha 14, 21-100 Lubartów;818 543 947;centrumokulistyki@op.pl
7142036307;"Nazwa: CENTRUM ALERGOLOGII I LARYNGOLOGII SP. Z O. O.
📄 nie jest/nie był
--------------------
🏢 2
--------------------
Brak zarejestrowanych aktywności.";;TAK;nie jest/nie był;NIE;NIE;PRAWIDŁOWY;ISTNIEJE;751364000002279102;Centrum Alergologii i Laryngologii Sp. z o. o.;Lubelska 79/XI, 21-100 Lubartów;818 200 064;m.glowackachoina@gmail.com
7151587679;"Nazwa: NZOZ LEKARZ RODZINNY W KRAŚNIKU
📄 nie jest/nie był
--------------------
🏢 3
🎯 1 [❌ 1 20-05-2025]
--------------------
Brak zarejestrowanych aktywności.";;TAK;nie jest/nie był;NIE;NIE;PRAWIDŁOWY;ISTNIEJE;751364000002290212;"NIEPUBLICZNY ZAKŁAD OPIEKI ZDROWOTNEJ ""LEKARZ RODZINNY"" S.C. PIOTR ZWOLSKI EDMUND ZWOLSKI";Rumiankowa 6, 23-200 Kraśnik;607199484;lekarz.r@wp.pl
7151928100;"Nazwa: NIEPUBLICZNY ZAKŁAD OPIEKI ZDROWOTNEJ NEUROMED M I M NASTAJ SPÓŁKA PARTNERSKA
📄 nie jest/nie był
--------------------
🏢 1
--------------------
Brak zarejestrowanych aktywności.";;TAK;nie jest/nie był;NIE;NIE;PRAWIDŁOWY;ISTNIEJE;751364000002279048;Niepubliczny Zakład Opieki Zdrowotnej Neuromed M.I M. Nastaj. Spółka Partnerska;Zygmunta Krasińskiego 8/4, 23-204 Kraśnik;817 430 965;marcinnastaj@gmail.com
7160024177;"Nazwa: OŚRODEK DIAGNOSTYKI RADIOLOGICZNEJ I USG
📄 nie jest/nie był
--------------------
🏢 3
🧲 1 [❌ 1 23-03-2025]
--------------------
Brak zarejestrowanych aktywności.";;TAK;nie jest/nie był;NIE;NIE;PRAWIDŁOWY;ISTNIEJE;751364000002296366;PHU „Zbyszko” Zbigniew Wacławski;Zygmunta Wróblewskiego 18/3,4, 24-100 Puławy;818873084;odr.pulawy@wp.pl
7162142969;"Nazwa: ZAKŁAD OPIEKI ZDROWOTNEJ MEDICAL SP. ZO.O.
📄 nie jest/nie był
--------------------
👥 1 🏢 1
🧲 1 [❌ 1 22-01-2025]
--------------------
Brak zarejestrowanych aktywności.";;TAK;nie jest/nie był;NIE;NIE;PRAWIDŁOWY;ISTNIEJE;751364000002273510;"ZAKŁAD OPIEKI ZDROWOTNEJ ""MEDICAL"" SPÓŁKA Z OGRANICZONĄ ODPOWIEDZIALNOŚCIĄ";Tysiąclecia Państwa Polskiego 10, 24-110 Puławy;814731342;BIURO@ZOZMEDICAL.COM.PL
7162201554;"Nazwa: OŚRODEK CHIRURGII OKA PROF. ZAGÓRSKIEGO W NAŁĘCZOWIE SPÓŁKA Z OGRANICZONĄ ODPOWIEDZIALNOŚCIĄ
📄 nie jest/nie był
--------------------
🏢 1
🧲 1 [❌ 1 23-03-2025]
--------------------
Brak zarejestrowanych aktywności.";;TAK;nie jest/nie był;NIE;NIE;PRAWIDŁOWY;ISTNIEJE;751364000002387026;OŚRODEK CHIRURGII OKA PROF. ZAGÓRSKIEGO W NAŁĘCZOWIE SPÓŁKA Z OGRANICZONĄ ODPOWIEDZIALNOŚCIĄ;Aleja Stanisława Małachowskiego 5, 24-140 Nałęczów;798772244;biuro@naleczow.ocho.pl
7162209188;"Nazwa: SPZOZ DĘBLIN
📄 nie jest/nie był
--------------------
👥 3 🏢 1
🎯 1 [❌ 1 20-05-2025]
--------------------
Brak zarejestrowanych aktywności.";;TAK;nie jest/nie był;NIE;NIE;PRAWIDŁOWY;ISTNIEJE;751364000002272466;SAMODZIELNY PUBLICZNY ZAKŁAD OPIEKI ZDROWOTNEJ W DĘBLINIE;Rynek 14, 08-530 Dęblin;81 475 47 50;kontakt@spzozdeblin.pl
7162238942;"Nazwa: SP ZOZ W PUŁAWACH
📄 nie jest/nie był
--------------------
👥 13 🏢 1
🎯 1 [❌ 1 20-05-2025]
--------------------
  - 21-07-2025 | 📞 -> Połączenie wychodzące do Hanna Kamola
  - 16-07-2025 | 📞 -> Kontakt po 20250708 - Komunikacja z wymagającym pacjentem - z Hanna Kamola";21-07-2025;TAK;nie jest/nie był;NIE;NIE;PRAWIDŁOWY;ISTNIEJE;751364000002213972;SAMODZIELNY PUBLICZNY ZAKŁAD OPIEKI ZDROWOTNEJ W PUŁAWACH;Józefa Bema 1, 24-100 Puławy;81 45 02 274;spzoz@szpitalpulawy.pl
7162270294;"Nazwa: 6 SZPITAL WOJSKOWY Z PRZYCHODNIĄ SAMODZIELNY PUBLICZNY ZAKŁAD OPIEKI ZDROWOTNEJ - SZPITAL
📄 nie jest/nie był
--------------------
👥 1 🏢 1
🧲 1 [❌ 1 22-01-2025]
--------------------
Brak zarejestrowanych aktywności.";;TAK;nie jest/nie był;NIE;NIE;PRAWIDŁOWY;ISTNIEJE;751364000002213785;6 SZPITAL WOJSKOWY Z PRZYCHODNIĄ SAMODZIELNY PUBLICZNY ZAKŁAD OPIEKI ZDROWOTNEJ;Szpitalna 2, 08-530 Dęblin;815-518-503;sekretariat@szpitaldeblin.pl
7162289514;"Nazwa: NIEPUBLICZNY ZAKŁAD OPIEKI ZDROWOTNEJ ESCULAP S. C. J CHWEDOROWICZ R B BARTUZI
📄 nie jest/nie był
--------------------
🏢 1
--------------------
Brak zarejestrowanych aktywności.";;TAK;nie jest/nie był;NIE;NIE;PRAWIDŁOWY;ISTNIEJE;751364000002287766;ESCULAP S.C. R.CHWEDOROWICZ, A.ŁABANOWSKA;Partyzantów 43, 24-100 Puławy;818883307;info@esculapsc.pulawy.pl
7162346399;"Nazwa: ALL MED CENTRUM MEDYCZNE SP. Z O. O.
📄 nie jest/nie był
--------------------
🏢 1
🧲 1 [❌ 1 23-03-2025]
--------------------
Brak zarejestrowanych aktywności.";;TAK;nie jest/nie był;NIE;NIE;PRAWIDŁOWY;ISTNIEJE;751364000002277931;ALL MED CENTRUM MEDYCZNE SPÓŁKA Z OGRANICZONĄ ODPOWIEDZIALNOŚCIĄ;Zielona 10 A, 24-100 Puławy;818886644;allmed@onet.com.pl
7162353040;"Nazwa: NIEPUBLICZNY ZAKŁAD OPIEKI ZDROWOTNEJ MEDIVITA S. C.
📄 nie jest/nie był
--------------------
👥 2 🏢 1
🧲 1 [❌ 1 23-03-2025]
--------------------
Brak zarejestrowanych aktywności.";;TAK;nie jest/nie był;NIE;NIE;PRAWIDŁOWY;ISTNIEJE;751364000002284559;NIEPUBLICZNY ZAKŁAD OPIEKI ZDROWOTNEJ MEDIVITA SPÓŁKA Z OGRANICZONĄ ODPOWIEDZIALNOŚCIĄ;Warszawska 100, 08-500 Ryki;818655858;sekretariat@medivita.pl
7162503203;"Nazwa: PRZYCHODNIA KOLEJOWA NZOZ SP. Z O. O.
📄 nie jest/nie był
--------------------
🏢 1
🧲 1 [❌ 1 22-01-2025]
--------------------
Brak zarejestrowanych aktywności.";;TAK;nie jest/nie był;NIE;NIE;PRAWIDŁOWY;ISTNIEJE;751364000002274453;Przychodnia Kolejowa-Niepubliczny Zakład Opieki Zdrowotnej Spółka z ograniczoną odpowiedzialnością;Kolejowa 20, 08-530 Dęblin;814 724 542;przych-kolejowa@tlen.pl
7162615646;"Nazwa: NIEPUBLICZNY ZAKŁAD OPIEKI ZDROWOTNEJ ZDROWIE S. C. MAŁGORZATA BIELECKA WIOLETTA KOWALIK LASKOWSKA
📄 nie jest/nie był
--------------------
🏢 1
--------------------
Brak zarejestrowanych aktywności.";;TAK;nie jest/nie był;NIE;NIE;PRAWIDŁOWY;ISTNIEJE;751364000002286244;"NZOZ ""ZDROWIE"" S.C. MAŁGORZATA BIELECKA, KRZYSZTOF LASKOWSKI";Zygmunta Wróblewskiego 18/13 I 14, 24-100 Puławy;818880200;infozdrowie@gmail.com
7162820725;"Nazwa: BIO-RELAX CENTRUM MEDYCZNE SP. Z O. O.
📄 nie jest/nie był
--------------------
👥 2 🏢 3
🧲 1 [❌ 1 22-01-2025]
--------------------
Brak zarejestrowanych aktywności.";;TAK;nie jest/nie był;NIE;NIE;PRAWIDŁOWY;ISTNIEJE;751364000002276515;BIO-RELAX CENTRUM MEDYCZNE SPÓŁKA Z OGRANICZONĄ ODPOWIEDZIALNOŚCIĄ;Zielona 28A, 24-100 Puławy;818863902;biuro@bio-relax.pulawy.pl
7171650346;"Nazwa: NIEPUBLICZNY ZAKŁAD OPIEKI ZDROWOTNEJ ZDROWIE S. C. DOROTA DURAKIEWICZ ARTUR DURAKIEWICZ
📄 nie jest/nie był
--------------------
🏢 1
🎯 1 [❌ 1 20-05-2025]
--------------------
Brak zarejestrowanych aktywności.";;TAK;nie jest/nie był;NIE;NIE;PRAWIDŁOWY;ISTNIEJE;751364000002287651;SPÓŁKA CYWILNA ARTUR DURAKIEWICZ, DOROTA DURAKIEWICZ;Parkowa 15, 24-340 Józefów N/Wisłą;81-8284777;lidekw@tlen.pl
7171830083;"Nazwa: POWIATOWE CENTRUM ZDROWIA W OPOLU LUBELSKIM
📄 nie jest/nie był
--------------------
👥 3 🏢 4
🧲 1 [❌ 1 22-04-2025]
--------------------
  - 22-01-2025 | 🧩 -> Task to re-attempt - POWIATOWE CENTRUM ZDROWIA W OPOLU LUBELSKIM
  - 17-12-2024 | 📞 -> Połączenie wychodzące do POWIATOWE CENTRUM ZDROWIA W OPOLU LUBELSKIM";17-12-2024;TAK;nie jest/nie był;NIE;NIE;PRAWIDŁOWY;ISTNIEJE;751364000002278553;POWIATOWE CENTRUM ZDROWIA SPÓŁKA Z OGRANICZONĄ ODPOWIEDZIALNOŚCIĄ;Przemysłowa 4 A, 24-300 Opole Lubelskie;818 272 278;sekretariat@pczol.pl
8251711719;"Nazwa: SPZOZ W ŁUKOWIE
📄 nie jest/nie był
--------------------
👥 3 🏢 1
🧲 1 [❌ 1 22-01-2025]
--------------------
Brak zarejestrowanych aktywności.";;TAK;nie jest/nie był;NIE;NIE;PRAWIDŁOWY;ISTNIEJE;751364000002272013;SAMODZIELNY PUBLICZNY ZAKŁAD OPIEKI ZDROWOTNEJ W ŁUKOWIE;Doktora Andrzeja Rogalińskiego 3, 21-400 Łuków;257 982 980;spzoz@spzozlukow.pl
8251774855;"Nazwa: NZOZ ŁUKMED
📄 nie jest/nie był
--------------------
🏢 1
--------------------
Brak zarejestrowanych aktywności.";;TAK;nie jest/nie był;NIE;NIE;PRAWIDŁOWY;ISTNIEJE;751364000002287244;NZOZ ŁUKMED s.c. J. Braszko, F. Braszko;Międzyrzecka 60, 21-400 Łuków;257989877;administracja@nzozlukmed.pl
8542402704;"Nazwa: POLMED DIAGNOSTYKA SPÓŁKA Z OGRANICZONĄ ODPOWIEDZIALNOŚCIĄ
📄 nie jest/nie był
--------------------
👥 2 🏢 1
🎯 2 [❌ 2 20-05-2025]
--------------------
Brak zarejestrowanych aktywności.";;TAK;nie jest/nie był;NIE;NIE;PRAWIDŁOWY;ISTNIEJE;751364000002385483;POLMED DIAGNOSTYKA SPÓŁKA Z OGRANICZONĄ ODPOWIEDZIALNOŚCIĄ;Aleja Grunwaldzka 82/3/352, 80-244 Gdańsk;798729720;biuro@polmeddiagnostyka.pl
8621431338;"Nazwa: NIEPUBLICZNY ZAKŁAD OPIEKI ZDROWOTNEJ CENTRUM MEDYCZNE ANI-MED
📄 nie jest/nie był
--------------------
👥 1 🏢 1
🧲 1 [❌ 1 23-03-2025]
--------------------
Brak zarejestrowanych aktywności.";;TAK;nie jest/nie był;NIE;NIE;PRAWIDŁOWY;ISTNIEJE;751364000002292784;Centrum Medyczne ANI - MED Magdalena Woś-Ponczek;Jana Zamoyskiego 77, 23-300 Janów Lubelski;15-8717504;biuro@ani-med.pl
8621439920;"Nazwa: SAMODZIELNY PUBLICZNY ZESPÓŁ ZAKŁADÓW OPIEKI ZDROWOTNEJ W JANOWIE LUBELSKIM
📄 nie jest/nie był
--------------------
👥 3 🏢 1
🧲 1 [❌ 1 22-01-2025]
--------------------
Brak zarejestrowanych aktywności.";;TAK;nie jest/nie był;NIE;NIE;PRAWIDŁOWY;ISTNIEJE;751364000002213976;SAMODZIELNY PUBLICZNY ZESPÓŁ ZAKŁADÓW OPIEKI ZDROWOTNEJ W JANOWIE LUBELSKIM;Jana Zamoyskiego 149, 23-300 Janów Lubelski;158436605;sekretariat@szpitaljanowlubelski.pl
8621462215;"Nazwa: NIEPUBLICZNY ZAKŁAD OPIEKI ZDROWOTNEJ ZDROWIE S. C. IZABELA DOROTA ANASIEWICZ KOSTRZEWA MARIA KOKOSZKA
📄 nie jest/nie był
--------------------
👥 1 🏢 1
🧲 1 [❌ 1 23-03-2025]
--------------------
Brak zarejestrowanych aktywności.";;TAK;nie jest/nie był;NIE;NIE;PRAWIDŁOWY;ISTNIEJE;751364000002287148;"Niepubliczny Zakład Opieki Zdrowotnej ""Zdrowie"" s.c. Izabela Dorota Anasiewicz-Kostrzewa, Maria Kokoszka";Jana Pawła II 5, 23-300 Janów Lubelski;158723099;rejestracja@nzoz-zdrowie.pl
8732695394;"Nazwa: CENTERMED SP. Z O. O.
📄 nie jest/nie był
--------------------
👥 109 🏢 2
🧲 1 [❌ 1 22-01-2025]
--------------------
  - 10-07-2025 | 📞 -> Kontakt po Komunikacja z pokoleniem Z - FollowUp Call Mateusz z Iwona Rempała-Główczyk
  - 09-07-2025 | 📞 -> Połączenie wychodzące do Agnieszka Surma
  - 27-06-2025 | 📞 -> Połączenie wychodzące do Agnieszka Surma
  - 26-06-2025 | 📞 -> Połączenie wychodzące do Agnieszka Surma
  - 26-06-2025 | 📞 -> Kontakt po Komunikacja z pokoleniem Z - FollowUp Call Mateusz z Agnieszka Surma";10-07-2025;TAK;nie jest/nie był;NIE;NIE;PRAWIDŁOWY;ISTNIEJE;751364000002274359;"""CENTERMED"" SPÓŁKA Z OGRANICZONĄ ODPOWIEDZIALNOŚCIĄ";Wojciecha Bandrowskiego 16A, 33-100 Tarnów;14 63 14 800;biuro@centermed.pl
9181014593;"Nazwa: NZOZ KARDIONEUROMED EWA DUDKO
📄 nie jest/nie był
--------------------
👥 1 🏢 3
🧲 1 [❌ 1 22-01-2025]
--------------------
Brak zarejestrowanych aktywności.";;TAK;nie jest/nie był;NIE;NIE;PRAWIDŁOWY;ISTNIEJE;751364000002226378;Niepubliczny Zakład Opieki Zdrowotnej KardioNeuroMED Ewa Dudko;Stanisława Moniuszki 31, 23-400 Biłgoraj;846 868 611;biuro@kardioneuromed.pl
9181774861;"Nazwa: FIZJOMED BIŁGORAJ
📄 nie jest/nie był
--------------------
🏢 3
🧲 1 [❌ 1 23-03-2025]
--------------------
Brak zarejestrowanych aktywności.";;TAK;nie jest/nie był;NIE;NIE;PRAWIDŁOWY;ISTNIEJE;751364000002295359;FIZJOMED Anna Świtała;Kochanowskiego 50, 23-400 Biłgoraj;888107890;dudka@wp.pl
9181839135;"Nazwa: GADU-GADU CENTRUM TERAPEUTYCZNO-REHABILITACYJNE ALICJA BOSAK
📄 nie jest/nie był
--------------------
👥 2 🏢 18
🎯 3 [❌ 3 20-05-2025]
--------------------
Brak zarejestrowanych aktywności.";;TAK;nie jest/nie był;NIE;NIE;PRAWIDŁOWY;ISTNIEJE;751364000002299401;GADU-GADU CENTRUM TERAPEUTYCZNO-REHABILITACYJNE Alicja Bosak;Długa 75, 23-400 Biłgoraj;694485094;alicjabosak@o2.pl
9181946925;"Nazwa: PRZYCHODNIA LEKARSKA „TWÓJ LEKARZ” SP. C.
📄 nie jest/nie był
--------------------
👥 1 🏢 2
🧲 1 [❌ 1 22-04-2025]
--------------------
  - 27-02-2026 | 📞 -> Rozmowa z PRZYCHODNIA LEKARSKA „TWÓJ LEKARZ” SP. C. zaplanowana
  - 27-02-2025 | 📞 -> Połączenie wychodzące do PRZYCHODNIA LEKARSKA „TWÓJ LEKARZ” SP. C.
  - 15-01-2025 | 📞 -> Połączenie wychodzące do Przychodnia lekarska „Twój Lekarz” Sp. C.";27-02-2025;TAK;nie jest/nie był;NIE;NIE;PRAWIDŁOWY;ISTNIEJE;751364000002285071;"PRZYCHODNIA LEKARSKA ""TWÓJ LEKARZ"" S.C. - ANNA OLESZEK-MAZUREK,KATARZYNA MARTA GRYGIEL, DARIUSZ MAZUREK";dr. Stanisława Pojaska 3, 23-400 Biłgoraj;846864133;twojlekarz@tlen.pl
9182116396;"Nazwa: SMH STAŃSKA KOPACZ KORONA LEKARZE SPÓŁKA PARTNERSKA
📄 nie jest/nie był
--------------------
🏢 1
--------------------
Brak zarejestrowanych aktywności.";;TAK;nie jest/nie był;NIE;NIE;PRAWIDŁOWY;ISTNIEJE;751364000002280057;SMH Stańska,Kopacz,Korona-Lekarze Spółka Partnerska;Długa 75, 23-400 Biłgoraj;846867578;smh@op.pl
9191517717;"Nazwa: SP ZOZ HRUBIESZÓW
📄 nie jest/nie był
--------------------
👥 3 🏢 2
🧲 1 [❌ 1 22-01-2025]
--------------------
Brak zarejestrowanych aktywności.";;TAK;nie jest/nie był;NIE;NIE;PRAWIDŁOWY;ISTNIEJE;751364000002272005;SAMODZIELNY PUBLICZNY ZESPÓŁ OPIEKI ZDROWOTNEJ W HRUBIESZOWIE;Józefa Piłsudskiego 11, 22-500 Hrubieszów;846 963 296;sekretariat@spzozhrubieszow.pl
9211644727;"Nazwa: NIEPUBLICZNY ZAKŁAD OPIEKI ZDROWOTNEJ CENTRUM ZDROWIA B. KOSTYKIEWICZ I WSPÓLNICY - SPÓŁKA JAWNA
📄 nie jest/nie był
--------------------
🏢 1
🧲 1 [❌ 1 24-02-2025]
--------------------
Brak zarejestrowanych aktywności.";;TAK;nie jest/nie był;NIE;NIE;PRAWIDŁOWY;ISTNIEJE;751364000002277508;Niepubliczny Zakład Opieki Zdrowotnej CENTRUM ZDROWIA B. Kostykiewicz i Wspólnicy - Spółka Jawna;Janusza Petera 3, 22-600 Tomaszów Lubelski;846641555, 846643131, 846646969;centrum-zdrowia@lzlrp.pl
9221020715;"Nazwa: NZOZ PRZYCHODNIA PROF-LEK
📄 nie jest/nie był
--------------------
🏢 1
🧲 1 [❌ 1 23-03-2025]
--------------------
Brak zarejestrowanych aktywności.";;TAK;nie jest/nie był;NIE;NIE;PRAWIDŁOWY;ISTNIEJE;751364000002293408;Niepubliczny Zakład Opieki Zdrowotnej Przychodnia Paweł Dudek;Św. Piątka 49, 22-400 Zamość;846 399 999;przychodnia@proflek.pl
9221045922;"Nazwa: DERMED S. C. BEŁZ ŁAGODA BEATA GAŁAN RADOSŁAW
📄 nie jest/nie był
--------------------
🏢 1
--------------------
Brak zarejestrowanych aktywności.";;TAK;nie jest/nie był;NIE;NIE;PRAWIDŁOWY;ISTNIEJE;751364000002287747;DERMATOLOGIA ZAMOJSKA S.C. BEATA BEŁZ -ŁAGODA,RADOSŁAW GAŁAN;Elizy Orzeszkowej 28, 22-400 Zamość;84-6395687;dermatolog@zam.pl
9222282854;"Nazwa: SPZOZ W SZCZEBRZESZYNIE
📄 nie jest/nie był
--------------------
👥 3 🏢 2
🧲 1 [❌ 1 22-04-2025]
--------------------
  - 18-03-2026 | 📞 -> Rozmowa z SPZOZ W SZCZEBRZESZYNIE zaplanowana
  - 18-03-2025 | 📞 -> Połączenie wychodzące do SPZOZ W SZCZEBRZESZYNIE
  - 17-03-2025 | 📞 -> Połączenie wychodzące do SPZOZ W SZCZEBRZESZYNIE
  - 22-01-2025 | 🧩 -> Zaktualizować Kontakt Leada w bazie";18-03-2025;TAK;nie jest/nie był;NIE;NIE;PRAWIDŁOWY;ISTNIEJE;751364000002213786;SAMODZIELNY PUBLICZNY ZESPÓŁ OPIEKI ZDROWOTNEJ W SZCZEBRZESZYNIE;D-ra Zygmunta Klukowskiego 3, 22-460 Szczebrzeszyn;84 682 35 51;biuro@zoz-szczebrzeszyn.pl
9222343136;"Nazwa: ORTOPEDIA ZAMOJSKA SP. Z O. O.
📄 nie jest/nie był
--------------------
🏢 1
--------------------
Brak zarejestrowanych aktywności.";;TAK;nie jest/nie był;NIE;NIE;PRAWIDŁOWY;ISTNIEJE;751364000002280512;"""ORTOPEDIA ZAMOJSKA"" SPÓŁKA Z OGRANICZONĄ ODPOWIEDZIALNOŚCIĄ";Jana Kilińskiego 4, 22-400 Zamość;846 381 589;ortopediazamojska@poczta.onet.pl
9222348895;"Nazwa: NIEPUBLICZNY ZAKŁAD OPIEKI ZDROWOTNEJ MED SPEC SP. Z O. O.
📄 nie jest/nie był
--------------------
🏢 1
--------------------
Brak zarejestrowanych aktywności.";;TAK;nie jest/nie był;NIE;NIE;PRAWIDŁOWY;ISTNIEJE;751364000002279013;"NIEPUBLICZNY ZAKŁAD OPIEKI ZDROWOTNEJ ""MED-SPEC"" SPÓŁKA Z OGRANICZONĄ ODPOWIEDZIALNOŚCIĄ";Jana Kilińskiego 4, 22-400 Zamość;846384253;medspec1@poczta.onet.pl
9222492296;"Nazwa: NZOZ SALUS SP. Z O. O.
📄 nie jest/nie był
--------------------
👥 1 🏢 1
🎯 1 [❌ 1 20-05-2025]
--------------------
Brak zarejestrowanych aktywności.";;TAK;nie jest/nie był;NIE;NIE;PRAWIDŁOWY;ISTNIEJE;751364000002279574;SALUS SPÓŁKA Z OGRANICZONĄ ODPOWIEDZIALNOŚCIĄ;Szczebrzeska 11I, 22-400 Zamość;84 53 21 337;dr.salus@wp.pl
9222686994;"Nazwa: SPECJAL MED SP. Z O. O.
📄 nie jest/nie był
--------------------
🏢 1
--------------------
Brak zarejestrowanych aktywności.";;TAK;nie jest/nie był;NIE;NIE;PRAWIDŁOWY;ISTNIEJE;751364000002278586;"""Specjal-Med"" spółka z ograniczoną odpowiedzialnością";Jana Kilińskiego 4, 22-400 Zamość;846391169;cadamuro@op.pl
9222693037;"Nazwa: ZAMOJSKI SZPITAL NIEPUBLICZNY SP. Z O. O.
📄 nie jest/nie był
--------------------
👥 22 🏢 3
🎯 1 [❌ 1 20-05-2025]
--------------------
  - 17-06-2025 | 📞 -> Kontakt po 20250612 Webinar Chirurgiczny lejek online zapisani - Mateusz z Bożena Kyc";17-06-2025;TAK;nie jest/nie był;NIE;NIE;PRAWIDŁOWY;ISTNIEJE;751364000002279051;"""ZAMOJSKI SZPITAL NIEPUBLICZNY"" SPÓŁKA Z OGRANICZONĄ ODPOWIEDZIALNOŚCIĄ";Peowiaków 1, 22-400 Zamość;84 67 75 010;zamosc@szpital.com.pl
9222695757;"Nazwa: CENTRUM OKULISTYKI OKO MED SP. Z O. O.
📄 nie jest/był
--------------------
👥 1 🏢 2
🎯 1 [❌ 1 20-05-2025]
--------------------
  - 23-11-2025 | 🧩 -> Firma po churnie - nawiązać kontakt";;TAK;nie jest/był;NIE;NIE;PRAWIDŁOWY;ISTNIEJE;751364000001844318;CENTRUM OKULISTYKI OKO-MED. SPÓŁKA Z OGRANICZONĄ ODPOWIEDZIALNOŚCIĄ;Polna 9 A, 22-400 Zamość;846383525;okomed.zamosc@gmail.com
9222897343;"Nazwa: CENTRUM ZDROWIA PRYWATNY GABINET NEUROLOGICZNY NIEPUBLICZNY ZAKŁAD OPIEKI ZDROWOTNEJ
📄 nie jest/nie był
--------------------
👥 1 🏢 4
🧲 1 [❌ 1 24-02-2025]
--------------------
Brak zarejestrowanych aktywności.";;TAK;nie jest/nie był;NIE;NIE;PRAWIDŁOWY;ISTNIEJE;751364000002277443;"""CENTRUM ZDROWIA"" PRYWATNY GABINET NEUROLOGICZNY NIEPUBLICZNY ZAKŁAD OPIEKI ZDROWOTNEJ ANDRZEJ BRODOWSKI, ALINA BRODOWSKA SPÓŁKA JAWNA";Graniczna 14D, 22-400 Zamość;846 962 481;cz2hrubieszow@neostrada.pl
9222957269;"Nazwa: CENTRUM MEDYCZNE ZACISZE
📄 nie jest/nie był
--------------------
🏢 2
🧲 1 [❌ 1 23-03-2025]
--------------------
Brak zarejestrowanych aktywności.";;TAK;nie jest/nie był;NIE;NIE;PRAWIDŁOWY;ISTNIEJE;751364000002284220;OKULISTYKA ZACISZE SPÓŁKA Z OGRANICZONĄ ODPOWIEDZIALNOŚCIĄ;Źródlana 23, 22-400 Zamość;602450762;zam3@onet.pl
9223024924;"Nazwa: LE MED SP. Z O. O.
📄 nie jest/nie był
--------------------
🏢 1
--------------------
Brak zarejestrowanych aktywności.";;TAK;nie jest/nie był;NIE;NIE;PRAWIDŁOWY;ISTNIEJE;751364000002278442;"""LE-MED SPÓŁKA Z OGRANICZONĄ ODPOWIEDZIALNOŚCIĄ""";B. Prusa 2, 22-400 Zamość;511147216;le.med.poradnia@gmail.com
9223034070;"Nazwa: RESORT-MED
📄 nie jest/nie był
--------------------
👥 1 🏢 1
🧲 1 [❌ 1 16-05-2025]
🎯 1 [❌ 1 20-05-2025]
--------------------
  - 16-05-2026 | 📞 -> Rozmowa z RESORT-MED SPÓŁKA Z OGRANICZONĄ ODPOWIEDZIALNOŚCIĄ zaplanowana
  - 16-05-2025 | 📞 -> Call I
  - 15-05-2025 | 🧩 -> Losty - propozycja nowy cennik i oferta";16-05-2025;TAK;nie jest/nie był;NIE;NIE;PRAWIDŁOWY;ISTNIEJE;751364000002284678;RESORT-MED SPÓŁKA Z OGRANICZONĄ ODPOWIEDZIALNOŚCIĄ;Prymasa Stefana Wyszyńskiego 2, 22-400 Zamość;846771706;ksiegowosc@resortmed.pl
9223039357;"Nazwa: NOVAMED SP. Z O. O.
📄 nie jest/nie był
--------------------
🏢 2
🧲 1 [❌ 1 22-01-2025]
--------------------
Brak zarejestrowanych aktywności.";;TAK;nie jest/nie był;NIE;NIE;PRAWIDŁOWY;ISTNIEJE;751364000002278499;NOVAMED SPÓŁKA Z OGRANICZONĄ ODPOWIEDZIALNOŚCIĄ;Monopolowa 30, 22-470 Zwierzyniec;604 201 284,84 611 22 21;waszymanski27@wp.pl
9223047954;"Nazwa: CENTRUM USŁUG MEDYCZNYCH SONOLOGISTIC SP. Z O. O.
📄 nie jest/nie był
--------------------
👥 1 🏢 3
🧲 1 [❌ 1 22-01-2025]
--------------------
Brak zarejestrowanych aktywności.";;TAK;nie jest/nie był;NIE;NIE;PRAWIDŁOWY;ISTNIEJE;751364000002276517;CENTRUM USŁUG MEDYCZNYCH SONOLOGISTIC SPÓŁKA Z OGRANICZONĄ ODPOWIEDZIALNOŚCIĄ;Peowiaków 1B, 22-400 Zamość;846 391 903;biuro@sonologistic.com
9223052300;"Nazwa: NZOZ JOLOKO
📄 nie jest/nie był
--------------------
👥 3 🏢 1
🧲 1 [❌ 1 22-01-2025]
--------------------
Brak zarejestrowanych aktywności.";;TAK;nie jest/nie był;NIE;NIE;PRAWIDŁOWY;ISTNIEJE;751364000002277565;"NIEPUBLICZNY ZAKŁAD OPIEKI ZDROWOTNEJ ""JOLOKO"" SPÓŁKA Z OGRANICZONĄ ODPOWIEDZIALNOŚCIĄ";Feliksa Wolskiego 5, 22-400 Zamość;793778779;b.baranowski@joloko.pl
9223057970;"Nazwa: MMEDICAL M&M PUŹNIAK - LEKARSKA SPÓŁKA PARTNERSKA
📄 nie jest/nie był
--------------------
🏢 1
🧲 1 [❌ 1 23-03-2025]
--------------------
Brak zarejestrowanych aktywności.";;TAK;nie jest/nie był;NIE;NIE;PRAWIDŁOWY;ISTNIEJE;751364000002284666;MMEDICAL SPÓŁKA Z OGRANICZONĄ ODPOWIEDZIALNOŚCIĄ;Północna 24/30, 20-064 Lublin;695860202;BIURO@MMEDICAL.PL
9461529861;"Nazwa: NIEPUBLICZNY ZAKŁAD OPIEKI ZDROWOTNEJ FARMED STANISŁAW PODGÓRSKI
📄 nie jest/nie był
--------------------
👥 1 🏢 2
🧲 1 [❌ 1 22-01-2025]
--------------------
Brak zarejestrowanych aktywności.";;TAK;nie jest/nie był;NIE;NIE;PRAWIDŁOWY;ISTNIEJE;751364000002293756;NIEPUBLICZNY ZAKŁAD OPIEKI ZDROWOTNEJ FARMED STANISŁAW PODGÓRSKI;Marii Koryznowej 2G, 20-137 Lublin;81 74 76 777;nzozfarmed@wp.pl
9461813102;"Nazwa: ""OŚRODEK MEDYCZNY DMP"" SPÓŁKA Z OGRANICZONĄ ODPOWIEDZIALNOŚCIĄ
📄 nie jest/nie był
--------------------
🏢 1
🧲 1 [❌ 1 22-01-2025]
--------------------
Brak zarejestrowanych aktywności.";;TAK;nie jest/nie był;NIE;NIE;PRAWIDŁOWY;ISTNIEJE;751364000002384893;"""OŚRODEK MEDYCZNY DMP"" SPÓŁKA Z OGRANICZONĄ ODPOWIEDZIALNOŚCIĄ";Projektowa 5, 20-209 Lublin;817 105 678;info@omdmp.lublin.pl
9461836221;"Nazwa: SGL SPECJALISTYCZNE GABINETY LEKARSKIE SP. J. KUSY I WSPÓLNICY
📄 nie jest/nie był
--------------------
👥 1 🏢 1
🧲 1 [❌ 1 23-03-2025]
--------------------
Brak zarejestrowanych aktywności.";;TAK;nie jest/nie był;NIE;NIE;PRAWIDŁOWY;ISTNIEJE;751364000002273364;SPECJALISTYCZNE GABINETY LEKARSKIE SPÓŁKA JAWNA KUSY I WSPÓLNICY CENTRUM DIAGNOSTYKI MEDYCZNEJ;Górnicza 3, 21-010 Łęczna;817520741;pawekus.kusy@gmail.com
9462104537;"Nazwa: 1)NZOZ PLR UŚMIECH ARTUR PORĘBSKI 2) M.D. ARTUR PORĘBSKI3)M.D. ARTUR PORĘBSKI
📄 nie jest/nie był
--------------------
👥 1 🏢 1
🧲 1 [❌ 1 22-04-2025]
--------------------
  - 24-03-2026 | 📞 -> Rozmowa z NZOZ PLR UsMIECH ARTUR POREBSKI zaplanowana
  - 19-03-2025 | 📅 -> Meeting I - 1)NZOZ PLR UŚMIECH ARTUR PORĘBSKI 2) M.D. ARTUR PORĘBSKI3)M.D. ARTUR PORĘBSKI
  - 19-03-2025 | 🧩 -> Zaktualizować Leada po Meeting I
  - 18-03-2025 | 📞 -> Welcome phone
  - 17-03-2025 | 📞 -> Połączenie wychodzące do Artur (?) Porębski (?)
  - 17-03-2025 | 📞 -> Call I";19-03-2025;TAK;nie jest/nie był;NIE;NIE;PRAWIDŁOWY;ISTNIEJE;751364000015784021;Porębski Artur 1) M.D. Artur Porębski 2) NZOZ PLR Uśmiech Artur Porębski 3)M.D. Artur Porębski;Ciecierzyn 85, 21-003;814 732 699;mdwkladykominowe@gmail.com
9462146139;"Nazwa: SZPITAL SP ZOZ MSWIA W LUBLINIE
📄 nie jest/nie był
--------------------
👥 3 🏢 2
🧲 1 [❌ 1 22-01-2025]
--------------------
Brak zarejestrowanych aktywności.";;TAK;nie jest/nie był;NIE;NIE;PRAWIDŁOWY;ISTNIEJE;751364000002272323;SAMODZIELNY PUBLICZNY ZAKŁAD OPIEKI ZDROWOTNEJ MINISTERSTWA SPRAW WEWNĘTRZNYCH I ADMINISTRACJI W LUBLINIE;Grenadierów 3, 20-331 Lublin;817284626;sekretariat@szpitalmsw.pl
9462160056;"Nazwa: SZPITAL NEUROPSYCHIATRYCZNY IM. PROF. MIECZYSŁAWA KACZYŃSKIEGO W LUBLINIE
📄 nie jest/nie był
--------------------
👥 7 🏢 1
🧲 1 [❌ 1 22-01-2025]
--------------------
  - 26-06-2025 | 📞 -> Kontakt po Komunikacja z pokoleniem Z - FollowUp Call Mateusz z Edyta Wójcik";26-06-2025;TAK;nie jest/nie był;NIE;NIE;PRAWIDŁOWY;ISTNIEJE;751364000002213462;SZPITAL NEUROPSYCHIATRYCZNY IM. PROF. MIECZYSŁAWA KACZYŃSKIEGO SAMODZIELNY PUBLICZNY ZAKŁAD OPIEKI ZDROWOTNEJ W LUBLINIE;Abramowicka 2, 20-442 Lublin;81 728 64 02;sekretariat@snzoz.lublin.pl
9462325942;"Nazwa: MEDYCYNA 2001 SP. Z O. O.
📄 nie jest/nie był
--------------------
🏢 1
🧲 1 [❌ 1 23-03-2025]
--------------------
Brak zarejestrowanych aktywności.";;TAK;nie jest/nie był;NIE;NIE;PRAWIDŁOWY;ISTNIEJE;751364000002274031;",,MEDYCYNA 2001"" spółka z ograniczoną odpowiedzialnością";Nałkowskich 114, 20-470 Lublin;817446299;medicina@tlen.pl
9462404647;"Nazwa: KADREMA NZOZ CENTRUM ZDROWIA I REHABILITACJI
📄 nie jest/nie był
--------------------
🏢 2
🧲 1 [❌ 1 22-01-2025]
--------------------
Brak zarejestrowanych aktywności.";;TAK;nie jest/nie był;NIE;NIE;PRAWIDŁOWY;ISTNIEJE;751364000002275927;"""KADREMA"" Spółka z ograniczoną odpowiedzialnością";Kalinowszczyzna 46 B, 20-129 Lublin;817484815;prezes@kadrema.pl
9462493740;"Nazwa: NZOZ MAGNOLIOWA
📄 nie jest/nie był
--------------------
🏢 1
🎯 1 [❌ 1 20-05-2025]
--------------------
Brak zarejestrowanych aktywności.";;TAK;nie jest/nie był;NIE;NIE;PRAWIDŁOWY;ISTNIEJE;751364000002275949;"""MAGNOLIOWA"" SPÓŁKA Z OGRANICZONĄ ODPOWIEDZIALNOŚCIĄ";Magnoliowa 2, 20-143 Lublin;817472495, 817472524;aga.wolak@onet.eu
9462513721;"Nazwa: MEDIS SP. Z O. O.
📄 nie jest/nie był
--------------------
🏢 1
--------------------
Brak zarejestrowanych aktywności.";;TAK;nie jest/nie był;NIE;NIE;PRAWIDŁOWY;ISTNIEJE;751364000002278527;",,MEDIS"" Spółka z ograniczoną odpowiedzialnością";Wolska 11, 20-411 Lublin;814 415 198;adamiak@yahoo.com
9462577974;"Nazwa: CONSILIUM MED SPÓŁKA Z OGRANICZONĄ ODPOWIEDZIALNOŚCIĄ
📄 nie jest/nie był
--------------------
🏢 1
--------------------
Brak zarejestrowanych aktywności.";;TAK;nie jest/nie był;NIE;NIE;PRAWIDŁOWY;ISTNIEJE;751364000002384884;CONSILIUM MED SPÓŁKA Z OGRANICZONĄ ODPOWIEDZIALNOŚCIĄ;Krańcowa 107 A, 20-338 Lublin;81 747 19 39;czartoryskalucyna@gmail.com
9462636748;"Nazwa: LOGISPHARM SPÓŁKA Z OGRANICZONĄ ODPOWIEDZIALNOŚCIĄ
📄 nie jest/nie był
--------------------
🏢 2
🧲 1 [❌ 1 23-03-2025]
--------------------
Brak zarejestrowanych aktywności.";;TAK;nie jest/nie był;NIE;NIE;PRAWIDŁOWY;ISTNIEJE;751364000002284232;LOGISPHARM SPÓŁKA Z OGRANICZONĄ ODPOWIEDZIALNOŚCIĄ;Bazylianówka 58, 20-144 Lublin;665-264-550;sylwia.zarzeczna@grupacurate.pl
9462673353;"Nazwa: NIEPUBLICZNY ZAKŁAD OPIEKI ZDROWOTNEJ MED-LASER
📄 nie jest/nie był
--------------------
👥 3 🏢 1
🧲 1 [❌ 1 22-01-2025]
--------------------
Brak zarejestrowanych aktywności.";;TAK;nie jest/nie był;NIE;NIE;PRAWIDŁOWY;ISTNIEJE;751364000002275989;"""NZOZ MED-LASER BORZĘCKI SPÓŁKA JAWNA""";Młyńska 14A, 20-406 Lublin;815 329 090;medlaser@poczta.onet.pl
9462731760;"Nazwa: NZOZ SANUS. C.ENTRUM MEDYCZNE
📄 nie jest/nie był
--------------------
👥 1 🏢 2
🧲 1 [❌ 1 22-01-2025]
--------------------
Brak zarejestrowanych aktywności.";;TAK;nie jest/nie był;NIE;NIE;PRAWIDŁOWY;ISTNIEJE;751364000001844313;CENTRUM MEDYCZNE SANUS SPÓŁKA Z OGRANICZONĄ ODPOWIEDZIALNOŚCIĄ;Magnoliowa 2, 20-143 Lublin;817471999;jacekmdj@o2.pl
"6440515875	";"Nazwa: OXYS BĘDZIN
📄 nie jest/nie był
--------------------
🏢 26
--------------------
Brak zarejestrowanych aktywności.";;TAK;nie jest/nie był;NIE;NIE;PRAWIDŁOWY;ISTNIEJE;751364000002284685;OPTYKA OXYS SPÓŁKA Z OGRANICZONĄ ODPOWIEDZIALNOŚCIĄ;Jana Kilińskiego 27, 08-110 Siedlce;7615152;lubartow@okularium.pl
"7123316164	";"Nazwa: MEDCLINIC
📄 nie jest/nie był
--------------------
🏢 1
🧲 1 [❌ 1 24-02-2025]
--------------------
Brak zarejestrowanych aktywności.";;TAK;nie jest/nie był;NIE;NIE;PRAWIDŁOWY;ISTNIEJE;751364000001883992;MEDCLINIC SPÓŁKA Z OGRANICZONĄ ODPOWIEDZIALNOŚCIĄ;Drewniana 61, 21-040 Świdnik;500 555 010;info@medclinic.med.pl
"9223001099	";"Nazwa: NSZOZ KARDIOLOGIA SPÓŁKA Z OGRANICZONĄ ODPOWIEDZIALNOŚCIĄ
📄 nie jest/nie był
--------------------
🏢 1
🧲 1 [❌ 1 22-01-2025]
--------------------
Brak zarejestrowanych aktywności.";;TAK;nie jest/nie był;NIE;NIE;PRAWIDŁOWY;ISTNIEJE;751364000002384967;NSZOZ KARDIOLOGIA SPÓŁKA Z OGRANICZONĄ ODPOWIEDZIALNOŚCIĄ;Feliksa Wolskiego 5, 22-400 Zamość;691115775;kardiologia.zamosc@onet.pl
1181321322;;;TAK;;NIE;NIE;PRAWIDŁOWY;NIE ISTNIEJE;;NIEPUBLICZNY ZAKŁAD OPIEKI ZDROWOTNEJ TOP - MED JOANNA SZAFRANEK;Juliusza Słowackiego 33, 22-100 Chełm;501475064;biuro@top-med.com.pl
5222874966;;;TAK;;NIE;NIE;PRAWIDŁOWY;NIE ISTNIEJE;;NOWOCZESNE CENTRUM MEDYCZNE OKOKLINIK SPÓŁKA Z OGRANICZONĄ ODPOWIEDZIALNOŚCIĄ SPÓŁKA JAWNA;Orlich Gniazd 8/13, 01-493 Warszawa;222900099;CDS.KAMINSKI@O2.PL
5273011347;;;TAK;;NIE;NIE;PRAWIDŁOWY;NIE ISTNIEJE;;REZONIKA SPÓŁKA Z OGRANICZONĄ ODPOWIEDZIALNOŚCIĄ;Złota 61/100, 00-819 Warszawa;601540723;mwozniak@rezonika.pl
5371448447;;;TAK;;NIE;NIE;PRAWIDŁOWY;NIE ISTNIEJE;;"Sadownik Jadwiga Niepubliczny Zakład Opieki Zdrowotnej ""Alergo-Med""";Łukaszyńska 40/2, 21-500 Biała Podlaska;833428608;alergo.med@wp.pl
5372056353;;;TAK;;NIE;NIE;PRAWIDŁOWY;NIE ISTNIEJE;;"NIEPUBLICZNY ZAKŁAD OPIEKI ZDROWOTNEJ ""OKULISTA"" GRZEGORZ JOBDA,DARIUSZ CZOP SPÓŁKA JAWNA";Warszawska 14, 21-500 Biała Podlaska;833438602;grzegorzjobda@poczta.onet.pl
5372628536;;;TAK;;NIE;NIE;PRAWIDŁOWY;NIE ISTNIEJE;;"PRYWATNY GABINET LOGOPEDYCZNY ""ARTICULA"" AGNIESZKA GOŁAWSKA SPÓŁKA JAWNA";Terebelska 67B, 21-500 Biała Podlaska;531 532 144;agngol5@wp.pl
5372662467;;;TAK;;NIE;NIE;PRAWIDŁOWY;NIE ISTNIEJE;;NIEPUBLICZNY ZAKŁAD OPIEKI ZDROWOTNEJ MEDYK W TERESPOLU SPÓŁKA Z OGRANICZONĄ ODPOWIEDZIALNOŚCIĄ;Stacyjna 2, 21-550 Terespol;833 752 066;medyk.terespol@poczta.fm
5372676920;;;TAK;;NIE;NIE;PRAWIDŁOWY;NIE ISTNIEJE;;MK MEDICAL SPÓŁKA Z OGRANICZONĄ ODPOWIEDZIALNOŚCIĄ;Stefana Batorego 10, 21-500 Biała Podlaska;518107041;biuro@mkmedical.pl
5381663762;;;TAK;;NIE;NIE;PRAWIDŁOWY;NIE ISTNIEJE;;"""KURACJA"" SPÓŁKA Z OGRANICZONĄ ODPOWIEDZIALNOŚCIĄ";Warszawska 17, 21-300 Radzyń Podlaski;833529644;kuracja@hot.pl
5391137928;;;TAK;;NIE;NIE;PRAWIDŁOWY;NIE ISTNIEJE;;GABINET LEKARSKI OKULISTYCZNY ELŻBIETA SAKOWICZ-KOZŁOWSKA;Tęczowa 1, 21-200 Parczew;601796904;sakowicz.kozlowska@wp.pl
5391517973;;;TAK;;NIE;NIE;PRAWIDŁOWY;NIE ISTNIEJE;;NZOZ PRZYCHODNIA - CHIRURGICZNO - URAZOWO - ORTOPEDYCZNA SPÓŁKA Z OGRANICZONĄ ODPOWIEDZIALNOŚCIĄ;Szpitalna 2B, 21-200 Parczew;83 354-30-99;kamaje@o2.pl
5631041815;;;TAK;;NIE;NIE;PRAWIDŁOWY;NIE ISTNIEJE;;"GRAŻYNA MAJKUT-RAUS, NIEPUBLICZNY OŚRODEK DIAGNOSTYCZNO-LECZNICZY ""LASER-MED"" GRAŻYNA MAJKUT-RAUS";Lipowa 27, 22-100 Chełm;82 565-35-61;laser-med.chelm@wp.pl
5632041444;;;TAK;;NIE;NIE;PRAWIDŁOWY;NIE ISTNIEJE;;"""LEKARZ"" SPÓŁKA Z OGRANICZONĄ ODPOWIEDZIALNOŚCIĄ";Kolejowa 89, 22-100 Chełm;82-5652857;lekarznzoz@gmail.com
5651136134;;;TAK;;NIE;NIE;PRAWIDŁOWY;NIE ISTNIEJE;;"ANNA KALICKA-RUTKOWSKA NZOZ ""ANIMED"" OŚRODEK ZDROWIA W URSZULINIE";Nowa 2, 22-234 Urszulin;825713002;animed5@wp.pl
5651405516;;;TAK;;NIE;NIE;PRAWIDŁOWY;NIE ISTNIEJE;;"""NIEPUBLICZNY ZAKŁAD OPIEKI ZDROWOTNEJ PRZYCHODNIA LEKARZY SPECJALISTÓW I PIELĘGNIAREK: K. JANKOWSKI I PARTNERZY. SPÓŁKA PARTNERSKA""";Piłsudskiego 66, 22-200 Włodawa;825724900;specjalisci@poczta.onet.pl
5651533450;;;TAK;;NIE;NIE;PRAWIDŁOWY;NIE ISTNIEJE;;"CENTRUM MEDYCZNE ""VITA"" SKRĘTOWICZ SPÓŁKA Z OGRANICZONĄ ODPOWIEDZIALNOŚCIĄ";Modrzewiowa 1/1, 22-234 Urszulin;606280099;cmvita@interia.pl
5732425799;;;TAK;;NIE;NIE;PRAWIDŁOWY;NIE ISTNIEJE;;"""CENTRUM"" LOGOPEDII SZELIGA SPÓŁKA KOMANDYTOWA";Sienkiewicza 20, 42-256 Olsztyn;343285111;j_szeliga@wp.pl
7120305119;;;TAK;;NIE;NIE;PRAWIDŁOWY;NIE ISTNIEJE;;NZOZ VIVAMED LEK.MED.ROBERT PLECHAWSKI;Partyzancka 17A, 24-300 Opole Lubelskie;818275577;vivamed9@o2.pl
7121077086;;;TAK;;NIE;NIE;PRAWIDŁOWY;NIE ISTNIEJE;;SZWARC BEATA NZOZ NEUR0-PSYCHO-CENTRUM;Stanisława Staszica 22, 20-081 Lublin;815 328 517;beata-szwarc@wp.pl
7121205383;;;TAK;;NIE;NIE;PRAWIDŁOWY;NIE ISTNIEJE;;ANNA MARZEC-FATTAH NZOZ ALMED;Konrada Wallenroda 6/5, 20-607 Lublin;501-471-950;anna_fattah@yahoo.com
7121577529;;;TAK;;NIE;NIE;PRAWIDŁOWY;NIE ISTNIEJE;;"Monika Sochocka, NIEPUBLICZNY ZAKŁAD OPIEKI ZDROWOTNEJ ""OKULISTA"" SOCHOCKA MONIKA";Puławska 18/173, 20-046 Lublin;695444645;monikasochocka@wp.pl
7121735431;;;TAK;;NIE;NIE;PRAWIDŁOWY;NIE ISTNIEJE;;NIEPUBLICZNY ZAKŁAD OPIEKI ZDROWOTNEJ NOVITA SPECJALISTYCZNE GABINETY LEKARSKIE ROGUŚ-SKORUPSKA DOROTA;Jana Sawy 1B/5,6, 20-632 Lublin;81 4761807, 694961410;pawskor@tlen.pl
7122603513;;;TAK;;NIE;NIE;PRAWIDŁOWY;NIE ISTNIEJE;;NZOZ PORADNIE OTOLARYNGOLOGICZNE SPÓŁKA Z OGRANICZONĄ ODPOWIEDZIALNOŚCIĄ;LOTNIKÓW POLSKICH 22/205-207, 21-040 Świdnik;81/7515762;etomasiak@spzozswidnik.pl
7122888680;;;TAK;;NIE;NIE;PRAWIDŁOWY;NIE ISTNIEJE;;NZOZ PORADNIA SKÓRNO-WENEROLOGICZNA ANEL-DERM ZBIGNIEW ANDRZEJ KOTOWSKI, BARBARA KOTOWSKA SPÓŁKA JAWNA;Hipoteczna 4, 20-027 Lublin;815324009;anelderm@anelderm.info.pl
7123190438;;;TAK;;NIE;NIE;PRAWIDŁOWY;NIE ISTNIEJE;;PRAKTYKA OKULISTYCZNA NZOZ ŁOŚ-DUDZIAK, OCHYŃSKA, ŚLUSARSKA-SKOWROŃSKA SPÓŁKA PARTNERSKA LEKARZY;Konrada Wallenroda 2F/5, 20-607 Lublin;815321213;okulistyka@softnet.info.pl
7123194985;;;TAK;;NIE;NIE;PRAWIDŁOWY;NIE ISTNIEJE;;ARION SZPITALE SPÓŁKA Z OGRANICZONĄ ODPOWIEDZIALNOŚCIĄ W RESTRUKTURYZACJI;Nowogrodzka 49, 00-695 Warszawa;815065101;SEKRETARIAT.BILGORAJ@ARION-SZPITALE.PL
7123229838;;;TAK;;NIE;NIE;PRAWIDŁOWY;NIE ISTNIEJE;;ARION MED SPÓŁKA Z OGRANICZONĄ ODPOWIEDZIALNOŚCIĄ;Nowogrodzka 49, 00-695 Warszawa;242360900;sekretariat@arionmed.pl
7123285618;;;TAK;;NIE;NIE;PRAWIDŁOWY;NIE ISTNIEJE;;NIEPUBLICZNY ZAKŁAD OPIEKI ZDROWOTNEJ GEMINI PORADNIA GINEKOLOGICZNO-POŁOŻNICZA ALICJA ZIĘTEK SPÓŁKA JAWNA;Jutrzenki 6/45, 20-538 Lublin;815277385;zietek.alicja@yahoo.com
7123397116;;;TAK;;NIE;NIE;PRAWIDŁOWY;NIE ISTNIEJE;;4CARDIA SPÓŁKA Z OGRANICZONĄ ODPOWIEDZIALNOŚCIĄ;Szpitalna 4C, 23-204 Kraśnik;81 458 77 88;info@4cardia.pl
7123479162;;;TAK;;NIE;NIE;PRAWIDŁOWY;NIE ISTNIEJE;;REVITA SPÓŁKA Z OGRANICZONĄ ODPOWIEDZIALNOŚCIĄ;Bartosza Głowackiego 35, 20-060 Lublin;667896016;revita.rehadm@gmail.com
7131069243;;;TAK;;NIE;NIE;PRAWIDŁOWY;NIE ISTNIEJE;;1. WALDEMAR SMOLEŃ 2. Niepubliczny Zakład Opieki Zdrowotnej VENA Waldemar Smoleń;Racławicka 16, 21-040 Świdnik;696466025;waldemarsmolen@wp.pl
7131533315;;;TAK;;NIE;NIE;PRAWIDŁOWY;NIE ISTNIEJE;;Niepubliczny Zakład Opieki Zdrowotnej IGNIS Dr med.Alicja Łobińska;Stanisława Skarżyńskiego 12A, 21-040 Świdnik;607888168;biuro@nzoz-ignis.pl
7132414400;;;TAK;;NIE;NIE;PRAWIDŁOWY;NIE ISTNIEJE;;GMINNY OŚRODEK ZDROWIA SAMODZIELNY PUBLICZNY ZAKŁAD OPIEKI ZDROWOTNEJ;Partyzantów 9, 21-013 Puchaczów;7575480;przychodnia@gozpuchaczow.pl
7142051583;;;TAK;;NIE;NIE;PRAWIDŁOWY;NIE ISTNIEJE;;NIEPUBLICZNY ZAKŁAD OPIEKI ZDROWOTNEJ CENTRUM MEDYCZNE WOLIŃSCY S.C.;Łucka-Kolonia 141, 21-100;818555455;nzozlucka@wp.pl
7151193354;;;TAK;;NIE;NIE;PRAWIDŁOWY;NIE ISTNIEJE;;Mariusz Mierzwa;Bursztynowa 14, 22-100 Chełm;792386139;1mariuszmierzwa@wp.pl
7151437626;;;TAK;;NIE;NIE;PRAWIDŁOWY;NIE ISTNIEJE;;"STRZELECKA JADWIGA NIEPUBLICZNY ZAKŁAD OPIEKI ZDROWOTNEJ ""REHABILITACJA""";Świętej Faustyny 6, 23-200 Kraśnik;667881856;nzozrehabilitacja1@o2.pl
7151535381;;;TAK;;NIE;NIE;PRAWIDŁOWY;NIE ISTNIEJE;;SAMODZIELNY PUBLICZNY ZAKŁAD OPIEKI ZDROWOTNEJ W URZĘDOWIE;Hevelke 2, 23-250 Urzędów;818 225 899;albinaneta@gmail.com
7151878833;;;TAK;;NIE;NIE;PRAWIDŁOWY;NIE ISTNIEJE;;"Niepubliczny Zakład Opieki Zdrowotnej Specjalistyczna Przychodnia Okulistyczna ""Oczko"" Spółka jawna, Grażyna Kuźmicka- Michalak i Małgorzata Marzęta";Tysiąclecia 3B, 23-200 Kraśnik;721067779;nzoz.oczko@op.pl
7151891822;;;TAK;;NIE;NIE;PRAWIDŁOWY;NIE ISTNIEJE;;DAW-MED M.KOWALSKA, M.KOWALSKI SPÓŁKA JAWNA;Aleja Tysiąclecia 3B, 23-200 Kraśnik;605839175;m.kowalska49@vp.pl
7151923321;;;TAK;;NIE;NIE;PRAWIDŁOWY;NIE ISTNIEJE;;NIEPUBLICZNY ZAKŁAD OPIEKI ZDROWOTNEJ GABINETY SPECJALISTYCZNE 'MEDIC' SPÓŁKA JAWNA;Tysiąclecia 3 B, 23-200 Kraśnik;797295515;a_pastwa@op.pl
7160000053;;;TAK;;NIE;NIE;PRAWIDŁOWY;NIE ISTNIEJE;;"ZAKŁAD LECZNICZY ""UZDROWISKO NAŁĘCZÓW"" SPÓŁKA AKCYJNA";Kasztanowa 2, 24-150 Nałęczów;5014356;info@uzdrowisko-naleczow.com.pl
7162348501;;;TAK;;NIE;NIE;PRAWIDŁOWY;NIE ISTNIEJE;;SAMODZIELNY PUBLICZNY ZAKŁAD OPIEKI ZDROWOTNEJ W NAŁĘCZOWIE;Kolejowa 7, 24-150 Nałęczów;815014050;SPZOZNAL@POCZTA.ONET.PL
8251633669;;;TAK;;NIE;NIE;PRAWIDŁOWY;NIE ISTNIEJE;;Katarzyna Nowicka prowadząca działalność pod nazwą Gabinet Logopedyczny Katarzyna Nowicka;Bystrzyca 121, 21-411;697661088;nowickakatarzyna@poczta.onet.pl
8621654239;;;TAK;;NIE;NIE;PRAWIDŁOWY;NIE ISTNIEJE;;SAWA MEDICAL SPÓŁKA Z OGRANICZONĄ ODPOWIEDZIALNOŚCIĄ;Różana 24, 23-300 Janów Lubelski;158721881;kontakt@sawamedical.pl
8651531725;;;TAK;;NIE;NIE;PRAWIDŁOWY;NIE ISTNIEJE;;KRZYSZTOF ANTONOWICZ - LEKARZ SPECJALISTA RADIODIAGNOSTYKI;Staszica 2A/1A, 37-450 Stalowa Wola;602274156;krzysztofant1962@gmail.com
9211246151;;;TAK;;NIE;NIE;PRAWIDŁOWY;NIE ISTNIEJE;;CENTRUM MEDYCZNE im.Stanisława STAROWIEYSKIEGO lek.med. MARIAN DOMAGAŁA;Chopina 8, 22-650 Łaszczów;84 6650182, 502274752;mariandomagala1213@yahoo.pl
9211353740;;;TAK;;NIE;NIE;PRAWIDŁOWY;NIE ISTNIEJE;;Janusz Fornalski, NZOZ PORADNIA DERMATOLOGICZNA JANUSZ FORNALSKI;Melchiora Wańkowicza 12, 22-600 Tomaszów Lubelski;84-6651222;janusz.fornalski@interia.pl
9211766755;;;TAK;;NIE;NIE;PRAWIDŁOWY;NIE ISTNIEJE;;"""PORADNIA RODZINNA"" BIACHOW-FUS, DOLANOWSKI, KRAWCZYK, PODOBA SPÓŁKA JAWNA";dr. Janusza Petera 3, 22-600 Tomaszów Lubelski;846642249;H.D@OP.PL
9211769618;;;TAK;;NIE;NIE;PRAWIDŁOWY;NIE ISTNIEJE;;"""MEDYK A.JAKUBIAK, M.JAKUBIAK SPÓŁKA JAWNA""";Wyspiańskiego 21, 22-600 Tomaszów Lubelski;846641289;nzozmedyk@nzozmedyk.com.pl
9221287157;;;TAK;;NIE;NIE;PRAWIDŁOWY;NIE ISTNIEJE;;Bogusław Wojda - Niepubliczny Zakład Opieki Zdrowotnej Poradnie Specjalistyczne;Plac Tadeusza Kościuszki 25, 22-460 Szczebrzeszyn;600819119;boguslawwojda@wp.pl
9221360210;;;TAK;;NIE;NIE;PRAWIDŁOWY;NIE ISTNIEJE;;Nowy Słuch Małgorzata Nowaczyńska;Polna 16C, 22-400 Zamość;604888870;nowysluch@gmail.com
9221452248;;;TAK;;NIE;NIE;PRAWIDŁOWY;NIE ISTNIEJE;;"Stanisław Misztal, Przychodnia Okulistyczna ""Sokoli Wzrok"" lek.med.Stanisław Misztal";Nowy Rynek 20, 22-400 Zamość;846391890;smisztal@interia.pl
9222333304;;;TAK;;NIE;NIE;PRAWIDŁOWY;NIE ISTNIEJE;;STOWARZYSZENIE NA RZECZ ROZWOJU REHABILITACJI I POMOCY POSZKODOWANYM W WYPADKACH KOMUNIKACYJNYCH;Koszary 60, 22-400 Zamość;846 385 847;omsir@op.pl
9222733587;;;TAK;;NIE;NIE;PRAWIDŁOWY;NIE ISTNIEJE;;Centrum Zdrowia i Urody - ARS MEDICA Tomasz Żądkowski;Spadek 41, 22-400 Zamość;845389401;biuro@strefaczysta.pl
9460006983;;;TAK;;NIE;NIE;PRAWIDŁOWY;NIE ISTNIEJE;;CARITAS ARCHIDIECEZJI LUBELSKIEJ;Prymasa Stefana Wyszyńskiego 2, 20-950 Lublin;815329571;lublin@caritas.pl
9461327034;;;TAK;;NIE;NIE;PRAWIDŁOWY;NIE ISTNIEJE;;BUCZKO JADWIGA NZOZ CENTRUM MEDYCZNE PRZYCHODNIA MEDYCYNY RODZINNEJ;Łuszczów Drugi 106, 20-258;691589767;poz2@onet.pl
9462374099;;;TAK;;NIE;NIE;PRAWIDŁOWY;NIE ISTNIEJE;;GABINET OKULISTYCZNY ELENA DOMASEVICH;Bursztynowa 34/24, 20-576 Lublin;81-8273337;lenadom@op.pl
6751209442;"Nazwa: SCANMED SPÓŁKA AKCYJNA
📄 jest
--------------------
👥 65 🏢 18
🧲 4 [❌ 4 23-03-2025]
🎯 3 [⚡ 1 | 🏆 1 14-07-2025]
--------------------
  - 23-11-2025 | 🧩 -> Firma po churnie - nawiązać kontakt
  - 20-08-2025 | 📞 -> Połączenie wychodzące do Grzegorz Wojciechowski
  - 11-08-2025 | 📞 -> Połączenie wychodzące do Grzegorz Wojciechowski
  - 15-07-2025 | 📞 -> Follow up call po Intro 3.0 dla Klientów";20-08-2025;NIE - ostatnia aktywność <= 80 dni, klient 'jest', aktywny Deal;jest;TAK;NIE;PRAWIDŁOWY;ISTNIEJE;751364000001844379;SCANMED SPÓŁKA AKCYJNA;Stefana Okrzei 1A, 03-715 Warszawa;785057972;sekretariat.zarzadu@scanmed.pl
9223050703;"Nazwa: CENTRUM DIAGNOSTYKI I TERAPII ONKOLOGICZNEJ - ZAMOŚĆ
📄 jest
--------------------
👥 3 🏢 1
🧲 1 [❌ 1 22-01-2025]
🎯 1 [❌ 1 20-05-2025]
--------------------
  - 23-10-2025 | 📞 -> Połączenie wychodzące do Barbara Nizio
  - 17-07-2025 | 📞 -> Połączenie wychodzące do Edyta Naworol
  - 16-07-2025 | 📞 -> Kontakt po 20250708 - Komunikacja z wymagającym pacjentem - z Edyta Naworol";23-10-2025;NIE - ostatnia aktywność <= 80 dni, klient 'jest';jest;NIE;NIE;PRAWIDŁOWY;ISTNIEJE;751364000002278458;NU-MED CENTRUM DIAGNOSTYKI I TERAPII ONKOLOGICZNEJ ZAMOŚĆ SPÓŁKA Z OGRANICZONĄ ODPOWIEDZIALNOŚCIĄ;Aleje Jana Pawła II 10, 22-400 Zamość;845 359 910;sekretariat.zamosc@nu-med.pl
7122881258;"Nazwa: CENTRA MEDYCZNE AUDIKA
📄 nie jest/nie był
--------------------
👥 20 🏢 23
🧲 2 [❌ 1 22-04-2025 | ⚡ 1]
🎯 1 [❌ 1 20-05-2025]
--------------------
  - 21-03-2026 | 📞 -> Rozmowa z CENTRUM MEDYCZNE AUDIKA zaplanowana
  - 05-09-2025 | 📅 -> Meeting I - CENTRUM MEDYCZNE AUDIKA
  - 04-09-2025 | 📞 -> Welcome phone
  - 04-09-2025 | 📞 -> Call I
  - 02-09-2025 | 📞 -> umówić spotkanie
  - 21-03-2025 | 📞 -> Połączenie wychodzące do CENTRUM MEDYCZNE AUDIKA";05-09-2025;NIE - ostatnia aktywność <= 80 dni, aktywny Lead;nie jest/nie był;NIE;NIE;PRAWIDŁOWY;ISTNIEJE;751364000002283170;"""ACS AUDIKA SPÓŁKA Z OGRANICZONĄ ODPOWIEDZIALNOŚCIĄ""";Aleja Jana Pawła II 22, 00-133 Warszawa;815 349 797;biuro@audika.pl
5272405713;"Nazwa: CENTRUM DIAGNOSTYKI MEDYCZNEJ ""MULTI-MED"" SPÓŁKA AKCYJNA
📄 nie jest/nie był
--------------------
👥 2 🏢 1
🎯 1 [⚡ 1]
--------------------
  - 22-10-2025 | 🧩 -> Zaktualizuj status spotkania po terminie spotkania
  - 21-10-2025 | 📅 -> Multimed
  - 20-10-2025 | 📞 -> Połączenie wychodzące do Karol Markiewicz
  - 13-10-2025 | 📞 -> Połączenie wychodzące do Karol Markiewicz";21-10-2025;NIE - ostatnia aktywność <= 80 dni, aktywny Deal;nie jest/nie był;NIE;NIE;PRAWIDŁOWY;ISTNIEJE;751364000002388995;"CENTRUM DIAGNOSTYKI MEDYCZNEJ ""MULTI-MED"" SPÓŁKA AKCYJNA";Okopowa 33, 01-059 Warszawa;226364774;przychodnia@multimed.pl
7161893716;"Nazwa: INTERNUS SP. Z O. O. CENTRUM MEDYCZNE
📄 nie jest/nie był
--------------------
🏢 1
🧲 1 [❌ 1 22-01-2025]
🎯 1 [⚡ 1]
--------------------
  - 23-10-2025 | 📞 -> Połączenie wychodzące do Barbara Nizio
  - 08-09-2025 | 📞 -> Rozmowa z Ewelina Paćko zaplanowana
  - 01-09-2025 | 🧩 -> Email
  - 26-08-2025 | 📅 -> Centrum Medyczne Internus";23-10-2025;NIE - ostatnia aktywność <= 80 dni, aktywny Deal;nie jest/nie był;NIE;NIE;PRAWIDŁOWY;ISTNIEJE;751364000002275511;CENTRUM MEDYCZNE INTERNUS SPÓŁKA Z OGRANICZONĄ ODPOWIEDZIALNOŚCIĄ;"gen. Fieldorfa ""Nila"" 10, 24-100 Puławy";818200300;dyrekcja@internus.pl
8212025575;"Nazwa: CENTRUM MEDYCZNO-DIAGNOSTYCZNE
📄 nie jest/nie był
--------------------
👥 8 🏢 3
🎯 5 [❌ 2 20-05-2025 | ⚡ 1 | 🏆 2 20-05-2025]
--------------------
  - 27-10-2025 | 📅 -> Nowy Spotkanie
  - 25-09-2025 | 📞 -> Połączenie wychodzące do Anna Kordowska";25-09-2025;NIE - ostatnia aktywność <= 80 dni, aktywny Deal;nie jest/nie był;TAK;TAK;PRAWIDŁOWY;ISTNIEJE;751364000002274485;"""CENTRUM MEDYCZNO-DIAGNOSTYCZNE"" SPÓŁKA Z OGRANICZONĄ ODPOWIEDZIALNOŚCIĄ";Generała Franciszka Kleeberga 2, 08-110 Siedlce;256440740;biuro@centrum.med.pl
9462329207;"Nazwa: CENTRUM OKULISTYCZNE EYEMED SPÓŁKA Z OGRANICZONĄ ODPOWIEDZIALNOŚCIĄ
📄 nie jest/nie był
--------------------
👥 2 🏢 1
🎯 2 [❌ 1 10-09-2025 | ⚡ 1]
--------------------
  - 13-01-2026 | 📞 -> Rozmowa z Michał Rokita zaplanowana
  - 12-09-2025 | 🧩 -> Zaktualizować Leada po Meeting I
  - 11-09-2025 | 📅 -> Meeting I - CENTRUM OKULISTYCZNE EYEMED SPÓŁKA Z OGRANICZONĄ ODPOWIEDZIALNOŚCIĄ
  - 10-09-2025 | 📞 -> Call I
  - 10-09-2025 | 📞 -> Welcome phone";11-09-2025;NIE - ostatnia aktywność <= 80 dni, aktywny Deal;nie jest/nie był;NIE;NIE;PRAWIDŁOWY;ISTNIEJE;751364000002384889;CENTRUM OKULISTYCZNE EYEMED SPÓŁKA Z OGRANICZONĄ ODPOWIEDZIALNOŚCIĄ;Dra Witolda Chodźki 10A/401, 20-093 Lublin;81 477 90 70;rejestracja@eyemed.pl
5371960760;"Nazwa: WOJEWÓDZKI SZPITAL SPECJALISTYCZNY W BIAŁEJ PODLASKIEJ
📄 nie jest/nie był
--------------------
👥 28 🏢 2
🧲 1 [❌ 1 22-01-2025]
--------------------
  - 06-08-2025 | 📞 -> Połączenie wychodzące do Dorota Osowska
  - 05-08-2025 | 📞 -> Połączenie wychodzące do Agnieszka Kalinowska
  - 05-08-2025 | 📞 -> Połączenie wychodzące do Dorota Osowska
  - 04-08-2025 | 📞 -> Połączenie wychodzące do Agnieszka Kalinowska
  - 01-08-2025 | 📞 -> Kontakt po Komunikacja z pokoleniem Z - FollowUp Call Mateusz z Agnieszka Kalinowska";06-08-2025;NIE - ostatnia aktywność <= 80 dni;nie jest/nie był;NIE;NIE;PRAWIDŁOWY;ISTNIEJE;751364000002272799;WOJEWÓDZKI SZPITAL SPECJALISTYCZNY W BIAŁEJ PODLASKIEJ;Terebelska 57-65, 21-500 Biała Podlaska;834 147 211;sekretariat@szpitalbp.pl
7120151774;"Nazwa: ""TOP-MEDICAL"" SPÓŁKA Z OGRANICZONĄ ODPOWIEDZIALNOŚCIĄ
📄 nie jest/nie był
--------------------
👥 1 🏢 2
🧲 3 [❌ 3 22-04-2025]
🎯 1
--------------------
  - 05-05-2026 | 📞 -> Call scheduled with ""TOP-MEDICAL"" SPÓŁKA Z OGRANICZONĄ ODPOWIEDZIALNOŚCIĄ
  - 27-03-2026 | 📞 -> Rozmowa z Tomasz ""TOP-MEDICAL"" SPÓŁKA Z OGRANICZONĄ ODPOWIEDZIALNOŚCIĄ zaplanowana
  - 02-09-2025 | 📞 -> Rozmowa z Sławomir Krzyżanowski zaplanowana
  - 13-08-2025 | 🧩 -> dzwonił Sławek wracamy do rozmów po wakacjach
  - 27-03-2025 | 📞 -> Call I";02-09-2025;NIE - ostatnia aktywność <= 80 dni;nie jest/nie był;NIE;NIE;PRAWIDŁOWY;ISTNIEJE;751364000001883990;"""TOP-MEDICAL"" SPÓŁKA Z OGRANICZONĄ ODPOWIEDZIALNOŚCIĄ";Tomasza Zana 29/XIX, 20-601 Lublin;815243409;topmedical@topmedical.pl
7141925092;"Nazwa: NZOZ ""ANAMED"""" ""
📄 nie jest/nie był
--------------------
👥 2 🏢 1
🧲 2 [❌ 2 23-10-2025]
--------------------
  - 22-01-2026 | 📞 -> Rozmowa z Centrum Medyczne Sp. z o.o. zaplanowana
  - 23-10-2025 | 📞 -> Call I";23-10-2025;NIE - ostatnia aktywność <= 80 dni;nie jest/nie był;NIE;NIE;PRAWIDŁOWY;ISTNIEJE;751364000002281178;"""CENTRUM MEDYCZNE ANAMED"" - ANNA BEDNARSKA SPÓŁKA JAWNA";Kolejowa 5, 21-100 Lubartów;818546384;ANAMED@ANAMED.PL
7120154583;"Nazwa: SPECJALISTYCZNY ZESPÓŁ MEDYCZNY INTERMED SP. Z O.O.
📄 jest
--------------------
👥 4 🏢 2
🎯 2 [❌ 2 20-05-2025]
--------------------
Brak zarejestrowanych aktywności.";;NIE - klient 'jest';jest;NIE;NIE;PRAWIDŁOWY;ISTNIEJE;751364000001883991;"SPECJALISTYCZNY ZESPÓŁ MEDYCZNY ""INTERMED"" SPÓŁKA Z OGRANICZONĄ ODPOWIEDZIALNOŚCIĄ";Bartosza Głowackiego 35, 20-060 Lublin;815332356;INFO@INTERMED.NET.PL
7122998983;"Nazwa: OŚRODEK KARDIOLOGII INWAZYJNEJ ""IKARDIA"" SPÓŁKA Z OGRANICZONĄ ODPOWIEDZIALNOŚCIĄ
📄 jest
--------------------
👥 2 🏢 3
🎯 3 [❌ 3 20-05-2025]
--------------------
Brak zarejestrowanych aktywności.";;NIE - klient 'jest';jest;NIE;NIE;PRAWIDŁOWY;ISTNIEJE;751364000002284091;"OŚRODEK KARDIOLOGII INWAZYJNEJ ""IKARDIA"" SPÓŁKA Z OGRANICZONĄ ODPOWIEDZIALNOŚCIĄ";Świętokrzyska 43, 20-867 Lublin;815 014 416;biuro@ikardia.pl
7123317815;"Nazwa: IMEDICA CENTRUM MEDYCZNE
📄 jest
--------------------
👥 1 🏢 1
🎯 1 [🏆 1 20-05-2025]
--------------------
Brak zarejestrowanych aktywności.";;NIE - klient 'jest';jest;TAK;NIE;PRAWIDŁOWY;ISTNIEJE;751364000001883993;IMEDICA CENTRUM MEDYCZNE SPÓŁKA Z OGRANICZONĄ ODPOWIEDZIALNOŚCIĄ;Stanisława Leszczyńskiego 25/U0.09, 20-068 Lublin;606997299;kondracki.bartosz@gmail.com
9222292491;"Nazwa: SAMODZIELNY PUBLICZNY SZPITAL WOJEWÓDZKI IM. PAPIEŻA JANA PAWŁA II W ZAMOŚCIU
📄 jest
--------------------
👥 22 🏢 1
🧲 1 [❌ 1 22-04-2025]
--------------------
  - 24-03-2026 | 📞 -> Rozmowa z SAMODZIELNY PUBLICZNY SZPITAL WOJEWÓDZKI IM. PAPIEŻA JANA PAWŁA II W ZAMOŚCIU DE zaplanowana
  - 24-03-2025 | 📞 -> Call I";24-03-2025;NIE - klient 'jest';jest;NIE;NIE;PRAWIDŁOWY;ISTNIEJE;751364000002272282;SAMODZIELNY PUBLICZNY SZPITAL WOJEWÓDZKI IM.PAPIEŻA JANA PAWŁA II W ZAMOŚCIU;Aleje Jana Pawła II 10, 22-400 Zamość;677 33 33;szpital@szpital.zam.pl
9462680554;"Nazwa: PRZYCHODNIA NOWOMEDICA
📄 jest
--------------------
👥 2 🏢 3
🎯 1 [🏆 1 20-05-2025]
--------------------
Brak zarejestrowanych aktywności.";;NIE - klient 'jest';jest;TAK;NIE;PRAWIDŁOWY;ISTNIEJE;751364000001844314;NOWOMEDICA SPÓŁKA Z OGRANICZONĄ ODPOWIEDZIALNOŚCIĄ;Energetyków 19, 20-468 Lublin;500030846;jaroslawnowosad@wp.pl
9211645721;"Nazwa: SAMODZIELNY PUBLICZNY ZESPÓŁ OPIEKI ZDROWOTNEJ W TOMASZOWIE LUBELSKIM
📄 nie jest/nie był
--------------------
👥 5 🏢 1
🧲 1 [⚡ 1]
🎯 2 [❌ 1 20-05-2025 | ⚡ 1]
--------------------
  - 04-04-2025 | 🧩 -> Wysłać ofertę
  - 02-04-2025 | 📅 -> Nowy Spotkanie
  - 21-03-2025 | 📞 -> Do Kiełbasy nowy termin
  - 20-03-2025 | 📞 -> Połączenie wychodzące do Dariusz Gałecki
  - 27-02-2025 | 📅 -> Szpital Tomaszów lub.
  - 29-01-2025 | 📞 -> Połączenie wychodzące do Marek Kiełbasa
  - 29-01-2025 | 📅 -> Meeting I - SAMODZIELNY PUBLICZNY ZESPÓŁ OPIEKI ZDROWOTNEJ W TOMASZOWIE LUBELSKIM
  - 29-01-2025 | 📞 -> Welcome phone
  - 15-01-2025 | 📞 -> Połączenie wychodzące do Szpital Tomaszów Lubelski";02-04-2025;NIE - aktywny Lead, aktywny Deal;nie jest/nie był;NIE;NIE;PRAWIDŁOWY;ISTNIEJE;751364000002272322;SAMODZIELNY PUBLICZNY ZESPÓŁ OPIEKI ZDROWOTNEJ W TOMASZOWIE LUBELSKIM;Al. Grunwaldzkie 1, 22-600 Tomaszów Lubelski;846644411;szpital@szpital-tomaszow.pl
5381275215;"Nazwa: NZOZ SPECJALISTYCZNA PORADNIA REHABILITACJI KOMPLEKSOWEJ
📄 nie jest/nie był
--------------------
👥 1 🏢 1
🧲 4 [❌ 3 29-06-2025 | ⚡ 1]
--------------------
  - 16-05-2025 | 🧩 -> Uzupełnić dane firmy poprzez formularz
  - 12-02-2025 | 📅 -> Meeting I - MARIOLA MALCZUK
  - 12-02-2025 | 📞 -> Welcome phone
  - 06-02-2025 | 📞 -> Połączenie wychodzące do NZOZ SPECJALISTYCZNA PORADNIA REHABILITACJI KOMPLEKSOWEJ
  - 03-02-2025 | 📞 -> Połączenie wychodzące do NZOZ SPECJALISTYCZNA PORADNIA REHABILITACJI KOMPLEKSOWEJ
  - 31-01-2025 | 📞 -> Połączenie wychodzące do NZOZ SPECJALISTYCZNA PORADNIA REHABILITACJI KOMPLEKSOWEJ
  - 30-01-2025 | 📞 -> Połączenie wychodzące do NZOZ SPECJALISTYCZNA PORADNIA REHABILITACJI KOMPLEKSOWEJ";12-02-2025;NIE - aktywny Lead;nie jest/nie był;NIE;NIE;PRAWIDŁOWY;ISTNIEJE;751364000002295343;MARIOLA MALCZUK - NZOZ, SPECJALISTYCZNA PORADNIA REHABILITACJI KOMPLEKSOWEJ;Warszawska 14, 21-500 Biała Podlaska;83-3432718;nzoz@rehabilitacjabp.pl
7123439174;"Nazwa: MRI - LAB SP. Z O. O.
📄 nie jest/nie był
--------------------
🏢 1
🧲 1 [⚡ 1]
--------------------
  - 22-01-2025 | 🧩 -> Task to re-attempt - MRI - LAB SP. Z O.O.";;NIE - aktywny Lead;nie jest/nie był;NIE;NIE;PRAWIDŁOWY;ISTNIEJE;751364000002282721;MRI - LAB SPÓŁKA Z OGRANICZONĄ ODPOWIEDZIALNOŚCIĄ;Gęsia 3/TB.02, 20-719 Lublin;530787238;kontakt@mri-lab.pl
5252521356;"Nazwa: DAVITA SP. Z O. O.
📄 nie jest/nie był
--------------------
👥 1 🏢 11
🧲 1 [❌ 1 23-03-2025]
🎯 1 [⚡ 1]
--------------------
Brak zarejestrowanych aktywności.";;NIE - aktywny Deal;nie jest/nie był;NIE;NIE;PRAWIDŁOWY;ISTNIEJE;751364000002279686;DAVITA SPÓŁKA Z OGRANICZONĄ ODPOWIEDZIALNOŚCIĄ;Legnicka 48 BUD.F, 54-202 Wrocław;71 342 98 50;pl_rozliczenie@davita.com
7151590090;"Nazwa: SAMODZIELNY PUBLICZNY ZAKŁAD OPIEKI ZDROWOTNEJ W KRAŚNIKU CENTRUM REHABILITACJI RUCHOWEJ
📄 nie jest/nie był
--------------------
👥 7 🏢 1
🧲 1 [❌ 1 22-01-2025]
🎯 1 [⚡ 1]
--------------------
  - 19-07-2025 | 📞 -> Rozmowa z Anna Albiniak zaplanowana
  - 18-07-2025 | 📞 -> Rozmowa z Anna Albiniak zaplanowana
  - 08-07-2025 | 📅 -> Meeting I - SAMODZIELNY PUBLICZNY ZAKŁAD OPIEKI ZDROWOTNEJ W KRAŚNIKU
  - 07-07-2025 | 📞 -> Call I";19-07-2025;NIE - aktywny Deal;nie jest/nie był;NIE;NIE;PRAWIDŁOWY;ISTNIEJE;751364000002213957;SAMODZIELNY PUBLICZNY ZAKŁAD OPIEKI ZDROWOTNEJ W KRAŚNIKU;Fryderyka Chopina 13, 23-200 Kraśnik;818251366;poczta@spzoz.krasnik.pl
9222707928;"Nazwa: PULS SP. Z O. O.
📄 nie jest/nie był
--------------------
👥 2 🏢 2
🎯 1 [⚡ 1]
--------------------
Brak zarejestrowanych aktywności.";;NIE - aktywny Deal;nie jest/nie był;NIE;NIE;PRAWIDŁOWY;ISTNIEJE;751364000002280633;"""PULS"" SPÓŁKA Z OGRANICZONĄ ODPOWIEDZIALNOŚCIĄ";Aleje Jana Pawła II 19, 22-400 Zamość;845303745;biuro@centrumzdrowiapuls.pl
